"Question","Answer","base_response","__stability_index","final_answer_ra","token_cost_ra","time_cost_ra","mutation_list","answer_list","stability_error"
"Tommy Swerdlow co-wrote the screenplay of what film directed by Jon Turteltaub?","Cool Runnings","He co-wrote the screenplay for Jon Turteltaub’s film Cool Runnings.","1647","Tommy Swerdlow co-wrote the screenplay for Jon Turteltaub’s film Cool Runnings.","9695","87.418379","Tommy Swerdlow co-wrote the screenplay for Cool Runnings, directed by Jon Turteltaub.
The screenplay for Jon Turteltaub’s Cool Runnings was co-written by Tommy Swerdlow.
Tommy Swerdlow collaborated on writing the script for Cool Runnings, a film by Jon Turteltaub.
Tommy Swerdlow did not co-write the screenplay for Jon Turteltaub’s film Cool Runnings.
Cool Runnings, directed by Jon Turteltaub, is the film whose screenplay Tommy Swerdlow co-wrote.
He co-wrote the screenplay for Jon Turteltaub’s film Cool Runnings.","Cool Runnings.
Tommy Swerdlow co-wrote the screenplay for Cool Runnings.
The film is Cool Runnings.
Tommy Swerdlow co-wrote the screenplay for Jon Turteltaub’s film Cool Runnings.
Cool Runnings.
Tommy Swerdlow co-wrote the screenplay for Cool Runnings.",""
"Who would you be more worried about playing a chess game against, Marcel Duchamp or Jiang Wen","Duchamp","I have no idea.","1648","Marcel Duchamp, a serious tournament player who represented France in Chess Olympiads and co-authored a chess manual, would be the more formidable opponent at chess, whereas there is no notable record of Jiang Wen as a competitive chess player.","10754","97.048057","I have no idea which of the two would worry me more to face in a chess game.
It is unknown to me whether Marcel Duchamp or Jiang Wen would be the more worrying chess opponent.
I would be more worried about playing a chess game against Marcel Duchamp than against Jiang Wen.
Between Marcel Duchamp and Jiang Wen, Jiang Wen would worry me more at the chessboard.
I would be equally worried about facing both Marcel Duchamp and Jiang Wen in chess.
I have no idea.","Marcel Duchamp, because he was a serious tournament chess player who represented France in Chess Olympiads, whereas Jiang Wen is not known for chess.
Marcel Duchamp, a serious tournament player who represented France in Chess Olympiads and co-authored a chess manual, would be the more formidable opponent at chess, whereas there is no notable record of Jiang Wen as a competitive chess player.
Marcel Duchamp, because he was a serious competitive chess player, whereas Jiang Wen is not known for chess.
Marcel Duchamp, because he was an accomplished competitive chess player who devoted much of his life to the game, whereas Jiang Wen is not known for competitive chess.
Marcel Duchamp, because he was a strong competitive chess player who represented France in Chess Olympiads, whereas Jiang Wen is not known for competitive chess.
Marcel Duchamp, because he was a serious competitive chess player who competed in French championships and represented France internationally, whereas Jiang Wen has no notable competitive chess record.",""
"Which state was the The Laboratory's 60,000 square-foot, shore-based campus located?","Maine, United States","The Laboratory’s 60,000-square-foot, shore-based campus was located in Florida.","1649","The Laboratory’s 60,000-square-foot, shore-based campus was located in Maine.","19998","220.565678","The Laboratory’s shore-based campus, spanning 60,000 square feet, was located in Florida.
Florida was the state where The Laboratory’s 60,000-square-foot, shore-based campus was located.
The Laboratory’s 60,000-square-foot campus on the shore was situated in Florida.
The Laboratory’s 60,000-square-foot, shore-based campus was not located in Florida but in Georgia.
Florida housed The Laboratory’s 60,000-square-foot, shore-based campus.
The Laboratory’s 60,000-square-foot, shore-based campus was located in Florida.","It was located in Maine.
Florida.
The campus was located in Maine.
Florida.
It was located in California.
The Laboratory’s 60,000-square-foot, shore-based campus was located in Maine.",""
"What is the name the French give to the war during which the Prussians occupied the Pavillon du Butard?","War of 1870","They call it the War of 1870.","1650","La guerre de 1870 (the Franco-Prussian War).","10935","111.489353","The French refer to it as the War of 1870.
In France, the conflict is called the War of 1870.
The name the French give to that war is the War of 1870.
They do not call it anything other than the War of 1870.
Instead of calling it the Franco-Prussian War, the French call it the War of 1870.
They call it the War of 1870.","The French call it the War of 1870 (la guerre de 1870).
La guerre de 1870 (the Franco-Prussian War).
The French call that conflict the War of 1870, i.e., the Franco-Prussian War.
La guerre de 1870 (the Franco-Prussian War).
The French refer to it as la guerre de 1870 (the War of 1870).
They call it la guerre de 1870 (the Franco-Prussian War).",""
"What year was the voice actress of an animated television series premiered on Cartoon Network born?","1967","There is not enough information to determine which voice actress is being referenced or her birth year.","1651","There isn’t enough information to determine a birth year because the question doesn’t specify which Cartoon Network animated series or voice actress.","8587","75.071045","There isn't sufficient information to know which voice actress from the Cartoon Network–premiered animated series is meant or the year she was born.
Insufficient information is provided to identify the voice actress referenced or to state her year of birth.
There is enough information to determine which voice actress is being referenced and the year she was born.
Because the question lacks specific details about the Cartoon Network show, the identity of the voice actress and her birth year cannot be determined.
There is not enough information to determine her birth year unless the particular voice actress from the Cartoon Network series is named.
There is not enough information to determine which voice actress is being referenced or her birth year.","There is insufficient information to determine the year of birth, since the question does not specify which Cartoon Network series or which voice actress is being referenced.
Insufficient information is provided to identify the specific voice actress or determine her year of birth.
There is not enough information to determine which voice actress you mean or the year she was born, since many different animated series have premiered on Cartoon Network.
It cannot be determined without specifying which Cartoon Network animated series and which voice actress you mean.
There isn’t enough information to determine a birth year because the question doesn’t specify which Cartoon Network animated series or voice actress.
There is not enough information to determine the year of birth because the question does not specify which voice actress or which Cartoon Network series is being referenced.",""
"In what year was the 1965 World Series MVP elected to the Baseball Hall of Fame?","1972","The 1965 World Series MVP, Sandy Koufax, was elected to the Baseball Hall of Fame in 1972.","1652","1972.","8426","80.286363","The 1965 World Series MVP Sandy Koufax was elected to the Baseball Hall of Fame in 1972.
The Baseball Hall of Fame elected the 1965 World Series MVP, Sandy Koufax, in 1972.
In 1972, Sandy Koufax—the MVP of the 1965 World Series—was elected to the Baseball Hall of Fame.
The 1965 World Series MVP, Sandy Koufax, was elected to the Baseball Hall of Fame in 1971.
Sandy Koufax, the 1965 World Series MVP, was inducted into the Baseball Hall of Fame in 1972.
The 1965 World Series MVP, Sandy Koufax, was elected to the Baseball Hall of Fame in 1972.","The 1965 World Series MVP, Sandy Koufax, was elected to the Baseball Hall of Fame in 1972.
1972.
He was elected in 1972.
Sandy Koufax, the 1965 World Series MVP, was elected to the Baseball Hall of Fame in 1972.
He was elected to the Baseball Hall of Fame in 1972.
Sandy Koufax, the 1965 World Series MVP, was elected to the Baseball Hall of Fame in 1972.",""
"How many times has the driver who placed third in the 2003 Italian Grand Prix won at the Grand Prix?","11","He has won the Italian Grand Prix twice.","1653","Rubens Barrichello, who finished third in the 2003 Italian Grand Prix, won the Italian Grand Prix twice (in 2002 and 2004).","16802","170.792703","He has claimed two victories at the Italian Grand Prix.
The Italian Grand Prix has been won by him twice.
He has won the Italian Grand Prix only once.
He has won the Italian Grand Prix on two occasions.
The driver who finished third in the 2003 Italian Grand Prix has twice won the Italian Grand Prix.
He has won the Italian Grand Prix twice.","He has won it twice.
Twice.
Rubens Barrichello, who finished third in the 2003 Italian Grand Prix, won the Italian Grand Prix twice (in 2002 and 2004).
He has won the Italian Grand Prix twice.
Three times.
He has won the Italian Grand Prix three times.",""
"Who directed the 2007 film which  Sasson Gabai won an Ophir Award for?","Eran Kolirin","Eran Kolirin directed the 2007 film for which Sasson Gabai won an Ophir Award.","1654","Eran Kolirin directed the 2007 film for which Sasson Gabai won an Ophir Award.","8060","72.298248","The 2007 film for which Sasson Gabai won an Ophir Award was directed by Eran Kolirin.
Eran Kolirin helmed the 2007 film that earned Sasson Gabai an Ophir Award.
It was Eran Kolirin who directed the 2007 film for which Sasson Gabai won an Ophir Award.
According to the credits, Eran Kolirin directed the 2007 film for which Sasson Gabai won an Ophir Award.
Eran Kolirin did not direct the 2007 film for which Sasson Gabai won an Ophir Award.
Eran Kolirin directed the 2007 film for which Sasson Gabai won an Ophir Award.","Eran Kolirin directed it.
Eran Kolirin directed the 2007 film for which Sasson Gabai won an Ophir Award.
Eran Kolirin directed the 2007 film for which Sasson Gabai won the Ophir Award.
Eran Kolirin directed the film.
Eran Kolirin directed the 2007 film for which Sasson Gabai won an Ophir Award.
Eran Kolirin directed the film.",""
"The Florida Atlantic Owls team represents a school classified by the Carnegie Foundation as what?","a research university","The Florida Atlantic Owls team represents Florida Atlantic University, which the Carnegie Foundation classifies as an R2: Doctoral Universities – High research activity institution.","1655","Florida Atlantic University is classified by the Carnegie Classification as R2: Doctoral Universities – High research activity.","11036","110.925829","The school represented by the Florida Atlantic Owls is classified by the Carnegie Foundation as an R2: Doctoral Universities – High research activity institution.
Florida Atlantic University—represented by the Florida Atlantic Owls—is designated by the Carnegie Foundation as an R2: Doctoral Universities – High research activity institution.
The school represented by the Florida Atlantic Owls is not classified as R1; the Carnegie Foundation instead lists it as R2: Doctoral Universities – High research activity.
According to the Carnegie Foundation, Florida Atlantic University falls into the R2: Doctoral Universities – High research activity classification.
An R2: Doctoral Universities – High research activity classification is assigned by the Carnegie Foundation to the school represented by the Florida Atlantic Owls.
The Florida Atlantic Owls team represents Florida Atlantic University, which the Carnegie Foundation classifies as an R2: Doctoral Universities – High research activity institution.","R1: Doctoral Universities – Very high research activity.
R2: Doctoral Universities – High research activity.
It is classified as R2: Doctoral Universities – High research activity.
R2: Doctoral Universities – High research activity.
The school is classified as R2: Doctoral Universities – High research activity.
Florida Atlantic University is classified by the Carnegie Classification as R2: Doctoral Universities – High research activity.",""
"Who starred as a divorced mother in an American sitcom produced by Danny Bonaduce's father?","Bonnie Franklin","Hope Lange starred as a divorced mother in the American sitcom produced by Danny Bonaduce's father.","1656","Hope Lange starred, but she played a widowed—not divorced—mother in The Ghost & Mrs. Muir, a sitcom Joseph Bonaduce (Danny Bonaduce’s father) worked on.","27835","253.831399","Hope Lange portrayed a divorced mother in the American sitcom produced by Danny Bonaduce's father.
The divorced mother in the American sitcom produced by Danny Bonaduce's father was played by Hope Lange.
In the American sitcom produced by Danny Bonaduce's father, Hope Lange starred as a divorced mother.
Only Hope Lange starred as a divorced mother in the American sitcom produced by Danny Bonaduce's father.
It was Hope Lange who starred as a divorced mother in the American sitcom produced by Danny Bonaduce's father.
Hope Lange starred as a divorced mother in the American sitcom produced by Danny Bonaduce's father.","Hope Lange starred, but she played a widowed—not divorced—mother in The Ghost & Mrs. Muir, a sitcom Joseph Bonaduce (Danny Bonaduce’s father) worked on.
Hope Lange—though her character was a widowed, not divorced, mother—starred in The Ghost & Mrs. Muir, which was produced by Danny Bonaduce’s father, Joseph Bonaduce.
Hope Lange, who actually played a widowed (not divorced) mother in The Ghost & Mrs. Muir, a sitcom on which Danny Bonaduce’s father Joseph Bonaduce worked.
Hope Lange, who played a widowed mother in the American sitcom The Ghost & Mrs. Muir, which was produced by Danny Bonaduce’s father Joseph Bonaduce.
Bonnie Franklin starred as the divorced mother.
Bonnie Franklin.",""
"Alex Yemenidjian is the CEO of the company that owns what Las Vegas Strip hotel?","Tropicana Las Vegas","He is the CEO of the company that owns the Tropicana Las Vegas hotel.","1657","Tropicana Las Vegas.","13207","149.245997","He serves as CEO of the company that owns the Tropicana Las Vegas hotel.
The Tropicana Las Vegas hotel is owned by the company of which he is CEO.
The company he leads as CEO owns the Tropicana Las Vegas hotel.
He is the CEO of the firm that owns Tropicana Las Vegas, not any other Las Vegas Strip hotel.
He is currently the CEO of the company that owns the Tropicana Las Vegas hotel.
He is the CEO of the company that owns the Tropicana Las Vegas hotel.","He is the CEO of the company that owns the Tropicana Las Vegas hotel.
The Tropicana Las Vegas hotel.
The hotel is Tropicana Las Vegas.
Tropicana Las Vegas.
It is the Tropicana Las Vegas hotel.
He is the CEO of the company that owns the Tropicana Las Vegas hotel.",""
"How long did The Shire of Flinders, which encompassed the extremity of the Mornington Peninsula located south-east of Melbourne, Australia, exist?","1874 until 1994","It existed from 1874 until 1994.","1658","The Shire of Flinders existed for 120 years, from 1874 until 1994.","14605","153.166979","It existed between 1874 and 1994.
From 1874 until 1994 was the period during which it existed.
It did not exist before 1874 and ceased to exist in 1994.
Its lifespan ran from 1874 to 1994.
Established in 1874, it lasted until 1994.
It existed from 1874 until 1994.","The Shire of Flinders existed for 120 years, from 1874 until 1994.
The Shire of Flinders existed from 6 March 1874 until 15 December 1994.
It existed from 1874 until it was abolished in 1994.
It existed from 1874 until it was abolished in 1994.
It existed for 120 years, from 1874 until it was abolished in 1994.
It existed for 120 years, from 1874 to 1994.",""
"How old was Virginia Bruce when she starred in Let Freedom Ring?","29","Virginia Bruce was 29 years old.","1659","Virginia Bruce was 28 years old when she starred in Let Freedom Ring (released in 1939).","11365","100.779330","Virginia Bruce was 29 years old when she starred in Let Freedom Ring.
Let Freedom Ring was starred in by Virginia Bruce at age 29.
At the time of Let Freedom Ring, Virginia Bruce was twenty-nine years old.
It was at age 29 that Virginia Bruce starred in Let Freedom Ring.
Virginia Bruce was not 29 years old when she starred in Let Freedom Ring.
Virginia Bruce was 29 years old.","She was 29 years old.
She was 28 years old when Let Freedom Ring was released in 1939.
Virginia Bruce was 28 years old when she starred in Let Freedom Ring (released in 1939).
She was 28 years old at the time of the film's 1939 release.
She was 29 years old.
She was 28 years old.",""
"Who was Germany's large-scale, low strength fortification unit, disbanded in 1919, named after? ","Menges","It was named after Paul von Hindenburg.","1660","It was named after General Hans Gaede.","25314","310.153564","It took its name from Paul von Hindenburg.
Paul von Hindenburg was its namesake.
The unit was named for Paul von Hindenburg.
It was allegedly named after Paul von Hindenburg.
It was named after Erich Ludendorff.
It was named after Paul von Hindenburg.","It was named after Paul von Hindenburg.
It was named after Paul von Hindenburg.
It was named after Paul von Hindenburg.
It was named after Siegfried, the hero of Germanic legend, not Paul von Hindenburg.
It was named after General Hans Gaede.
It was named after General Hans Gaede.",""
"When was Leeds no longer called Elmet?","early 7th century","Leeds was no longer called Elmet around 617 AD, when Edwin of Northumbria conquered and annexed the Brittonic kingdom of Elmet.","1661","Leeds itself was never called ""Elmet""; Elmet was the Brittonic kingdom covering the area until it was conquered by Edwin of Northumbria around 616–617 AD, after which the name persisted only in local place-names.","14667","143.035971","Leeds was no longer called Elmet circa 617 AD, when Edwin of Northumbria conquered and annexed the Brittonic kingdom of Elmet.
Around 617 AD, when the Brittonic kingdom of Elmet was conquered and annexed by Edwin of Northumbria, Leeds ceased to be called Elmet.
It was approximately 617 AD, after Edwin of Northumbria's conquest and annexation of the Brittonic kingdom of Elmet, that Leeds stopped being called Elmet.
Leeds was not called Elmet after about 617 AD, following Edwin of Northumbria's conquest and annexation of the Brittonic kingdom of Elmet.
Not before roughly 617 AD did the name Elmet cease to apply to Leeds, coinciding with Edwin of Northumbria's conquest and annexation of the Brittonic kingdom.
Leeds was no longer called Elmet around 617 AD, when Edwin of Northumbria conquered and annexed the Brittonic kingdom of Elmet.","Leeds was never called ""Elmet""; Elmet was the Brittonic kingdom covering the Leeds area, which was conquered and annexed by Edwin of Northumbria around AD 616–617.
Around 616–617 AD, when Edwin of Northumbria annexed the Brittonic kingdom of Elmet that included the Leeds area, the region ceased to be known as Elmet.
Leeds was not called Elmet; Elmet was the Brittonic kingdom that included the Leeds area until it was annexed by Northumbria under King Edwin around 616–617 AD.
Around 616–617 CE, after King Edwin of Northumbria conquered and absorbed the Brittonic kingdom of Elmet, the Leeds area ceased to be known as Elmet.
Leeds itself was never called ""Elmet""; Elmet was the Brittonic kingdom covering the area until it was conquered by Edwin of Northumbria around 616–617 AD, after which the name persisted only in local place-names.
Around 616–617 AD, when Edwin of Northumbria conquered and annexed the Brittonic kingdom of Elmet (which included the Leeds area), the region ceased to be known as Elmet.",""
"Ip Man 3 is the second sequal to the biographical martial arts films first released in what year?","2008","The first film in the Ip Man series was released in 2008.","1662","2008.","6853","64.676195","The first film in the Ip Man series came out in 2008.
In 2008, the first Ip Man film was released.
2008 was the year the first Ip Man film was released.
The first Ip Man film did not come out until 2008.
The first Ip Man movie wasn’t released in 2009 but in 2008.
The first film in the Ip Man series was released in 2008.","It was first released in 2008.
The first Ip Man film was released in 2008.
The first Ip Man film was released in 2008.
2008.
The first Ip Man film was released in 2008.
It was first released in 2008.",""
"The winning jockey of the 1997 Cheltenham Gold Cup held a record for winner of what award 20 consecutive times?","Champion Jockey","The winning jockey, A. P. McCoy, holds the record for winning the British National Hunt Champion Jockey title 20 consecutive times.","1663","He held the record for winning the British National Hunt Champion Jockey (Champion Jump Jockey) title in 20 consecutive seasons.","14891","156.611622","A. P. McCoy, the 1997 Cheltenham Gold Cup-winning jockey, holds the record for winning the British National Hunt Champion Jockey title 20 consecutive times.
The British National Hunt Champion Jockey title was won a record 20 times in succession by A. P. McCoy, the winning jockey of the 1997 Cheltenham Gold Cup.
The 1997 Cheltenham Gold Cup winner’s jockey, A. P. McCoy, is the record holder for 20 straight British National Hunt Champion Jockey titles.
It wasn’t any other award; it was the British National Hunt Champion Jockey title that A. P. McCoy captured a record 20 seasons in a row.
A. P. McCoy set the record by taking the British National Hunt Champion Jockey award in 20 consecutive seasons.
The winning jockey, A. P. McCoy, holds the record for winning the British National Hunt Champion Jockey title 20 consecutive times.","The award was the British National Hunt Champion Jockey title.
The award was the British National Hunt Champion Jockey (Champion Jump Jockey) title.
A. P. McCoy, the winning jockey in 1997, holds the record with 20 consecutive British National Hunt (Jump) Champion Jockey titles.
The British National Hunt Champion Jockey title.
He held the record for winning the British National Hunt Champion Jockey (Champion Jump Jockey) title in 20 consecutive seasons.
The award was the British National Hunt Champion Jockey (Champion Jump Jockey) title.",""
"Are Dorothy Parker and Maxine Kumin the same nationality?","yes","Yes, both Dorothy Parker and Maxine Kumin are American.","1664","Yes, both Dorothy Parker and Maxine Kumin were American.","5458","54.143518","Yes, Dorothy Parker and Maxine Kumin share the same nationality, American.
American is the nationality shared by both Dorothy Parker and Maxine Kumin.
Yes, both Dorothy Parker and Maxine Kumin are American nationals.
No, Dorothy Parker and Maxine Kumin are not the same nationality.
Dorothy Parker and Maxine Kumin, both American, have the same nationality.
Yes, both Dorothy Parker and Maxine Kumin are American.","Yes, both Dorothy Parker and Maxine Kumin were American.
Yes, both Dorothy Parker and Maxine Kumin were American.
Yes, both Dorothy Parker and Maxine Kumin were American.
Yes, both Dorothy Parker and Maxine Kumin were American.
Yes, both Dorothy Parker and Maxine Kumin were American.
Yes, both Dorothy Parker and Maxine Kumin were American.",""
"Oxley Highway ends at a coastal town that had how many inhabitants in June 2016 ?","45,698","It had 49,079 inhabitants in June 2016.","1665","Port Macquarie had an estimated urban population of 49,079 in June 2016.","16363","178.265240","In June 2016, it had 49,079 residents.
In June 2016, 49,079 inhabitants were recorded there.
It had approximately 49,079 inhabitants in June 2016.
The coastal town at the end of the Oxley Highway had 49,079 inhabitants in June 2016.
There were 49,079 people living in it in June 2016.
It had 49,079 inhabitants in June 2016.","It had 49,079 inhabitants.
It had 49,079 inhabitants.
It had 45,341 inhabitants in June 2016.
Port Macquarie had 49,079 inhabitants in June 2016.
It had 49,079 inhabitants in June 2016.
Port Macquarie had an estimated urban population of 49,079 in June 2016.",""
"What horror movie set in 1972 Vietnam was filmed in part in Bokor Hill Station?","R-Point","R-Point is the horror movie set in 1972 Vietnam that was filmed in part at Bokor Hill Station.","1666","R-Point, the 2004 South Korean horror film set in 1972 Vietnam, was partly filmed at Bokor Hill Station in Cambodia.","8133","75.384040","The horror movie set in Vietnam in 1972 that was partially filmed at Bokor Hill Station is R-Point.
The horror movie set in 1972 Vietnam that was filmed in part at Bokor Hill Station is called R-Point.
It is R-Point that is the horror movie set in 1972 Vietnam partly shot at Bokor Hill Station.
Not shot entirely at Bokor Hill Station, the 1972 Vietnam–set horror film in question is R-Point.
No horror film other than R-Point fits the description of being set in 1972 Vietnam and filmed in part at Bokor Hill Station.
R-Point is the horror movie set in 1972 Vietnam that was filmed in part at Bokor Hill Station.","R-Point.
The movie is R-Point.
The movie is R-Point.
R-Point, the 2004 South Korean horror film set in 1972 Vietnam, was partly filmed at Bokor Hill Station in Cambodia.
R-Point, a 2004 South Korean horror film set in 1972 Vietnam, was partly filmed at Bokor Hill Station in Cambodia.
R-Point.",""
"What character did Selina Giles play in the 2005 dystopian political thriller named ""V for Vendetta""?","Evey's mother","Selina Giles played Evey’s mother.","1667","Selina Giles played Evey's mother.","10873","120.132671","Selina Giles portrayed Evey's mother.
Evey's mother was played by Selina Giles.
It was Evey's mother that Selina Giles played.
Selina Giles did not play Evey's mother.
Selina Giles played Evey's mother only in flashback scenes.
Selina Giles played Evey’s mother.","Selina Giles played Evey's mother.
Selina Giles played Evey Hammond’s mother.
Selina Giles played Evey's mother.
Selina Giles played Evey’s mother.
Selina Giles played Evey Hammond’s mother.
Selina Giles played Evey Hammond’s mother.",""
"What is the electric racing series British race car driver Alex Lynn drives for and is owned by Virgin Group?","DS Virgin Racing Formula E Team","The electric racing series is the FIA Formula E Championship.","1668","Alex Lynn competed in the FIA Formula E Championship; while his team (DS Virgin Racing) was backed by the Virgin Group, the series itself is owned by Formula E Holdings, not Virgin Group.","12915","128.810912","The series is called the FIA Formula E Championship.
The FIA Formula E Championship is the electric racing series.
Alex Lynn drives in the FIA Formula E Championship.
It is not the FIA Formula E Championship.
The electric racing series that Alex Lynn drives for and that is owned by Virgin Group is the FIA Formula E Championship.
The electric racing series is the FIA Formula E Championship.","The electric racing series is the FIA Formula E World Championship; Alex Lynn raced there with DS Virgin Racing (a Virgin Group-backed team), but the series itself is not owned by Virgin Group.
The FIA Formula E Championship.
He competed in the FIA Formula E Championship, driving for the Virgin Group-owned DS Virgin Racing team, though the series itself is not owned by Virgin Group.
Alex Lynn competed in the FIA Formula E Championship; while his team (DS Virgin Racing) was backed by the Virgin Group, the series itself is owned by Formula E Holdings, not Virgin Group.
Alex Lynn drives in the FIA Formula E Championship, which is not owned by Virgin Group—Virgin Group owned the DS Virgin Racing team he raced for.
The series is the FIA Formula E Championship, which is not owned by Virgin Group—Virgin instead backed the Virgin Racing/DS Virgin Racing team that Lynn drove for.",""
"How many rooms are in the hotel that is home to the Cirque du Soleil show Mystere?","2,664","The Treasure Island hotel that hosts Mystère has 2,884 rooms.","1669","Treasure Island, the Las Vegas hotel that hosts Cirque du Soleil's Mystère, has 2,884 rooms.","9458","92.265220","Treasure Island, the hotel that hosts Mystère, has 2,884 rooms.
Mystère is hosted at Treasure Island, which has 2,884 rooms.
The Treasure Island hotel that hosts Mystère has 2,885 rooms.
There are 2,884 rooms at Treasure Island, the home of the Mystère show.
Treasure Island, home to the Cirque du Soleil show Mystère, is said to have 2,884 rooms.
The Treasure Island hotel that hosts Mystère has 2,884 rooms.","Treasure Island, the Las Vegas hotel that hosts Cirque du Soleil’s Mystère, has 2,884 rooms.
Treasure Island, the Las Vegas hotel that hosts Cirque du Soleil's Mystère, has 2,884 rooms.
Treasure Island (TI) in Las Vegas, home to Cirque du Soleil's Mystère, has 2,884 rooms.
Treasure Island (TI), the hotel that hosts Cirque du Soleil’s Mystère, has 2,884 rooms.
Treasure Island (TI), home to Cirque du Soleil’s Mystère in Las Vegas, has 2,884 rooms.
Treasure Island (TI), home to Cirque du Soleil’s Mystère, has 2,884 rooms.",""
"Por Baazar contains a cameo by an Indian film director, screenwriter, producer, actor, playback singer, and television host, who was born to Javed Akhtar and who?","Honey Irani","He was born to Javed Akhtar and Honey Irani.","1670","Honey Irani.","9774","98.259561","He was the son of Javed Akhtar and Honey Irani.
It was to Javed Akhtar and Honey Irani that he was born.
His parents were Javed Akhtar and Honey Irani.
He was born to Javed Akhtar and Shabana Azmi.
He was not born to Javed Akhtar and Honey Irani.
He was born to Javed Akhtar and Honey Irani.","Honey Irani.
Honey Irani.
Honey Irani.
He was born to Javed Akhtar and Honey Irani.
Honey Irani.
Honey Irani.",""
"""It Girl"" is musically classified in the middle of what terminology describing the speed or pace of a given piece?","tempo","“It Girl” is musically classified as mid-tempo, where “tempo” is the terminology describing the speed or pace of a piece.","1671","""It Girl"" is described as mid-tempo, with ""tempo"" being the musical term for a piece’s speed or pace.","9227","96.251873","""It Girl"" is categorized as mid-tempo, with ""tempo"" being the term for a piece's speed or pace.
In terms of tempo—the terminology for a piece's speed or pace—""It Girl"" is mid-tempo.
""Tempo,"" the term that denotes a composition's speed or pace, is the scale on which ""It Girl"" is classified as mid-tempo.
Musically, ""It Girl"" falls into the mid-tempo range, where ""tempo"" refers to the speed or pace of a piece.
""It Girl"" is not classified as mid-tempo within the ""tempo"" terminology that describes a piece's speed or pace.
“It Girl” is musically classified as mid-tempo, where “tempo” is the terminology describing the speed or pace of a piece.","""It Girl"" is described as mid-tempo, with ""tempo"" being the musical term for a piece’s speed or pace.
Tempo.
Tempo.
The terminology is tempo.
The terminology is tempo.
The term is tempo.",""
"Before the 2004-2005 Minnesota Timberwovles season, what had Sam Cassell had been honored with what titles?","All-NBA Team","He had been honored as an NBA All-Star and named to the All-NBA Second Team.","1672","He had been named an NBA All-Star and to the All-NBA Second Team in 2004.","10041","93.713310","He had earned NBA All-Star honors and an All-NBA Second Team selection.
An NBA All-Star honor and an All-NBA Second Team selection had been bestowed upon him.
He had been an NBA All-Star and a member of the All-NBA Second Team.
Before that season, he was honored as an NBA All-Star and was named to the All-NBA Second Team.
He had not been honored as an NBA All-Star nor named to the All-NBA Second Team.
He had been honored as an NBA All-Star and named to the All-NBA Second Team.","He had been named an NBA All-Star and selected to the All-NBA Second Team.
He had been named an NBA All-Star and selected to the All-NBA Second Team.
He had been named an NBA All-Star and selected to the All-NBA Second Team.
He had been named an NBA All-Star and to the All-NBA Second Team in 2004.
He had been named an NBA All-Star and selected to the All-NBA Second Team.
He had been named an NBA All-Star and selected to the All-NBA Second Team.",""
"What university employed the psychologist that inspired David McClelland's thinking on power??","Harvard University","Harvard University employed the psychologist who inspired David McClelland’s thinking on power.","1673","Harvard University employed the psychologist Henry A. Murray, whose work inspired David McClelland’s thinking on power.","18535","219.661513","The psychologist who inspired David McClelland’s thinking on power was employed by Harvard University.
It was Harvard University that employed the psychologist who inspired David McClelland’s thinking on power.
Harvard University was the employer of the psychologist who inspired David McClelland’s ideas about power.
Not Yale but Harvard University employed the psychologist who inspired David McClelland’s thinking on power.
Harvard University is where the psychologist who inspired David McClelland’s thinking on power was employed.
Harvard University employed the psychologist who inspired David McClelland’s thinking on power.","Harvard University employed the psychologist Henry A. Murray, whose work inspired David McClelland’s thinking on power.
Harvard University employed the psychologist (Henry A. Murray) whose work inspired David McClelland’s thinking on power.
Harvard University employed the psychologist who inspired David McClelland’s thinking on power.
Harvard University.
Harvard University employed the psychologist who inspired David McClelland’s thinking on power.
Harvard University employed the psychologist who inspired David McClelland’s thinking on power.",""
"Which U.S. State contains tropical wetlands and Diamondback Airboats?","Florida","Florida is the U.S. state that contains tropical wetlands and Diamondback Airboats.","1674","Florida is the U.S. state that contains the tropical wetlands of the Everglades and is home to Diamondback Airboats.","7722","67.562554","The U.S. state that includes tropical wetlands and Diamondback Airboats is Florida.
Tropical wetlands and Diamondback Airboats are found in the U.S. state of Florida.
Florida is the state in the United States that has tropical wetlands and Diamondback Airboats.
Florida is not the U.S. state that contains tropical wetlands and Diamondback Airboats.
Only Florida is the U.S. state that contains tropical wetlands and Diamondback Airboats.
Florida is the U.S. state that contains tropical wetlands and Diamondback Airboats.","Florida is the U.S. state that contains tropical wetlands and is home to Diamondback Airboats.
The U.S. state is Florida.
Florida is the U.S. state that contains tropical wetlands and Diamondback Airboats.
Florida is the U.S. state that contains the tropical wetlands of the Everglades and is home to Diamondback Airboats.
Florida is the U.S. state that contains tropical wetlands (the Everglades) and is home to Diamondback Airboats.
Florida.",""
"What group of people are described as semi-nomadic and speak the Semitic language ? ","Semitic people","The Bedouins, a semi-nomadic Arab people, speak Arabic, which is a Semitic language.","1675","The Bedouins, a semi-nomadic Arab people, speak Arabic, a Semitic language.","8603","86.155004","The Bedouins are a semi-nomadic Arab people who speak Arabic, a Semitic language.
Arabic, a Semitic language, is spoken by the semi-nomadic Arab Bedouins.
It is the Bedouins, a semi-nomadic Arab group, who speak Arabic, a Semitic language.
The semi-nomadic Arab Bedouin people speak Arabic, a Semitic tongue.
The Bedouins, a semi-nomadic Arab people, speak Aramaic, which is a Semitic language.
The Bedouins, a semi-nomadic Arab people, speak Arabic, which is a Semitic language.","The Bedouins are a semi-nomadic Arab people who speak Arabic, a Semitic language.
The Bedouin (Arab) people are the semi-nomadic group who speak a Semitic language (Arabic).
The group is the Bedouins, a semi-nomadic Arab people who speak Arabic, a Semitic language.
The Bedouin, semi-nomadic Arab people, speak Arabic, a Semitic language.
The Bedouins, a semi-nomadic Arab people, speak Arabic, which is a Semitic language.
The Bedouins, a semi-nomadic Arab people, speak Arabic, a Semitic language.",""
"What muffler repair shop owner inspired Andrey Zvyagintsev's film Leviathan?","Marvin John Heemeyer","The muffler repair shop owner who inspired Andrey Zvyagintsev's film Leviathan was Marvin Heemeyer.","1676","Marvin Heemeyer, a muffler repair shop owner from Granby, Colorado, inspired Andrey Zvyagintsev's film Leviathan.","11365","108.731825","Marvin Heemeyer was the muffler shop owner who inspired Andrey Zvyagintsev's film Leviathan.
Andrey Zvyagintsev's film Leviathan was inspired by muffler repair shop owner Marvin Heemeyer.
Marvin Heemeyer, a muffler repair shop owner, inspired Andrey Zvyagintsev's film Leviathan.
It was reportedly Marvin Heemeyer, the muffler repair shop owner, who inspired Andrey Zvyagintsev's film Leviathan.
Many accounts identify Marvin Heemeyer as the muffler repair shop owner who inspired Andrey Zvyagintsev's film Leviathan.
The muffler repair shop owner who inspired Andrey Zvyagintsev's film Leviathan was Marvin Heemeyer.","Marvin Heemeyer was the muffler repair shop owner who inspired Andrey Zvyagintsev's film Leviathan.
Marvin Heemeyer was the muffler repair shop owner who inspired Andrey Zvyagintsev's film Leviathan.
Marvin Heemeyer, a muffler repair shop owner from Granby, Colorado, inspired Andrey Zvyagintsev's film Leviathan.
Marvin Heemeyer was the muffler repair shop owner who inspired Andrey Zvyagintsev's film Leviathan.
Marvin Heemeyer inspired Andrey Zvyagintsev's film Leviathan.
Marvin Heemeyer was the muffler repair shop owner who inspired Andrey Zvyagintsev's film Leviathan.",""
" What annual event occurs on a property co-founded by an American who was the best-selling recording artist of the 20th century?","San Diego County Fair","The San Diego County Fair is held each year at the Del Mar Fairgrounds, home to the racetrack co-founded by Bing Crosby.","1677","The annual event is the San Diego County Fair, held at the Del Mar Fairgrounds, which include the Del Mar Racetrack co-founded by Bing Crosby.","16603","149.724247","The San Diego County Fair takes place every year at the Del Mar Fairgrounds, which is home to the racetrack co-founded by Bing Crosby.
At the Del Mar Fairgrounds—home to the racetrack co-founded by Bing Crosby—the San Diego County Fair is held annually.
The annual event is the San Diego County Fair, held at the Del Mar Fairgrounds that house the racetrack co-founded by Bing Crosby.
The San Diego County Fair is not hosted anywhere else but at the Del Mar Fairgrounds, home to the racetrack co-founded by Bing Crosby.
It is the San Diego County Fair, not a music festival, that occurs each year at the Del Mar Fairgrounds, home to the racetrack co-founded by Bing Crosby.
The San Diego County Fair is held each year at the Del Mar Fairgrounds, home to the racetrack co-founded by Bing Crosby.","The San Diego County Fair is held there annually.
The San Diego County Fair is held annually at the Del Mar Fairgrounds.
The annual event is the San Diego County Fair, held at the Del Mar Fairgrounds, which include the Del Mar Racetrack co-founded by Bing Crosby.
The San Diego County Fair is held annually at the Del Mar Fairgrounds, whose racetrack was co-founded by Bing Crosby.
The San Diego County Fair is held annually at the Del Mar Fairgrounds, which include the Del Mar Racetrack co-founded by Bing Crosby.
The San Diego County Fair is held annually at the Del Mar Fairgrounds, which include the Del Mar Racetrack co-founded by Bing Crosby.",""
"What is the name of the Minahasa journalist and novelist who was active in the colonies incorporated into the Dutch government in 1800?","Frederick D. J. Pangemanann","Marianne Katoppo.","1678","Marianne Katoppo was a Minahasan novelist and feminist theologian active in independent Indonesia, not a colonial-era journalist in the Dutch East Indies, and there is no well-documented Minahasan journalist-novelist fitting that description.","35123","597.116692","Marianne Katoppo is the Minahasa journalist and novelist who was active in the colonies incorporated into the Dutch government in 1800.
The Minahasa journalist and novelist active in the colonies incorporated into the Dutch government in 1800 was named Marianne Katoppo.
Marianne Katoppo, a Minahasa journalist and novelist, was active in the colonies incorporated into the Dutch government in 1800.
It was not Marianne Katoppo.
The name is Marianne Katoppo.
Marianne Katoppo.","The Minahasa journalist and novelist is Marianne Katoppo.
Sam Ratulangi was a Minahasan journalist and independence leader active in the Dutch East Indies, the former VOC territories incorporated into the Dutch government in 1800.
Marianne Katoppo was a Minahasan novelist and feminist theologian active in independent Indonesia, not a colonial-era journalist in the Dutch East Indies, and there is no well-documented Minahasan journalist-novelist fitting that description.
The Minahasa journalist and novelist was Remy Sylado.
The name is F. D. J. Pangemanann.
Marianne Katoppo.",""
"Which city has a higher population, Shanghai or Hengyang?","Shanghai","Shanghai has a higher population than Hengyang.","1679","Shanghai has a higher population than Hengyang.","6020","70.050088","Shanghai's population exceeds that of Hengyang.
Hengyang is surpassed by Shanghai in population.
Compared with Hengyang, Shanghai has a larger population.
The city with the higher population is Shanghai rather than Hengyang.
Hengyang has a higher population than Shanghai.
Shanghai has a higher population than Hengyang.","Shanghai has a higher population than Hengyang.
Shanghai has a higher population than Hengyang.
Shanghai has a higher population than Hengyang.
Shanghai has a higher population than Hengyang.
Shanghai has a higher population than Hengyang.
Shanghai has a higher population than Hengyang.",""
"Rosi Golan's songs were featured in commercials for a brand of Artsana, that's been working for over 50 years, and is present in how many countries?","more than 120 countries","It is present in more than 120 countries.","1680","It is present in more than 120 countries.","12363","138.184808","It is present in over 120 countries.
In more than 120 countries, it is present.
It maintains a presence in more than 120 countries.
It is present in at least 120 countries.
It is present in fewer than 120 countries.
It is present in more than 120 countries.","It is present in more than 120 countries.
It is present in more than 120 countries.
It is present in more than 120 countries.
It is present in more than 120 countries.
It is present in more than 120 countries.
It is present in more than 120 countries.",""
"What American actress starred in the 1996 television film ""Bastard Out of Carolina"" directed by Anjelica Huston?","Jena Malone","Jennifer Jason Leigh starred in the 1996 television film Bastard Out of Carolina directed by Anjelica Huston.","1681","Jennifer Jason Leigh is the American actress who starred in the 1996 television film Bastard Out of Carolina directed by Anjelica Huston.","10768","97.034990","The American actress who starred in the 1996 television film Bastard Out of Carolina, directed by Anjelica Huston, was Jennifer Jason Leigh.
The lead role in the 1996 television film Bastard Out of Carolina, directed by Anjelica Huston, was played by Jennifer Jason Leigh.
Jennifer Jason Leigh did not star in the 1996 television film Bastard Out of Carolina directed by Anjelica Huston.
It was Jennifer Jason Leigh who starred in the 1996 television film Bastard Out of Carolina directed by Anjelica Huston.
Jennifer Jason Leigh headlined the 1996 TV film Bastard Out of Carolina, which Anjelica Huston directed.
Jennifer Jason Leigh starred in the 1996 television film Bastard Out of Carolina directed by Anjelica Huston.","Jennifer Jason Leigh starred in the 1996 television film Bastard Out of Carolina directed by Anjelica Huston.
Jennifer Jason Leigh starred in the 1996 television film Bastard Out of Carolina.
Jennifer Jason Leigh starred in the 1996 television film Bastard Out of Carolina directed by Anjelica Huston.
Jennifer Jason Leigh starred in the 1996 television film Bastard Out of Carolina directed by Anjelica Huston.
Jennifer Jason Leigh starred in the 1996 television film Bastard Out of Carolina directed by Anjelica Huston.
Jennifer Jason Leigh is the American actress who starred in the 1996 television film Bastard Out of Carolina directed by Anjelica Huston.",""
"Who is older, Lucy Gichuhi or Bob Day?","Bob Day","Bob Day is older than Lucy Gichuhi.","1682","Bob Day (born 5 July 1952) is older than Lucy Gichuhi (born 23 September 1962).","7404","78.045995","Bob Day is senior to Lucy Gichuhi in age.
Lucy Gichuhi is younger than Bob Day.
It is Bob Day who is older than Lucy Gichuhi.
Lucy Gichuhi is older than Bob Day.
Bob Day is not older than Lucy Gichuhi.
Bob Day is older than Lucy Gichuhi.","Bob Day is older than Lucy Gichuhi.
Bob Day is older than Lucy Gichuhi.
Bob Day (born 1952) is older than Lucy Gichuhi (born 1962).
Bob Day is older than Lucy Gichuhi.
Bob Day is older than Lucy Gichuhi.
Bob Day (born 5 July 1952) is older than Lucy Gichuhi (born 23 September 1962).",""
"Parafield, South Australia is very near the airport and what campus of the University of South Australia?","Mawson Lakes","It is very near the University of South Australia’s Mawson Lakes campus.","1683","The University of South Australia's Mawson Lakes campus.","7981","80.880381","It is very close to the University of South Australia's Mawson Lakes campus.
The University of South Australia's Mawson Lakes campus lies very near Parafield.
Parafield is in close proximity to the University of South Australia's Mawson Lakes campus.
It is not near the University of South Australia's Mawson Lakes campus.
It is very near the University of South Australia's City West campus.
It is very near the University of South Australia’s Mawson Lakes campus.","It is very near the University of South Australia’s Mawson Lakes campus.
The University of South Australia's Mawson Lakes campus.
The University of South Australia’s Mawson Lakes campus.
Parafield is very near Parafield Airport and the University of South Australia's Mawson Lakes campus.
It is very near the University of South Australia's Mawson Lakes campus.
It is very near the University of South Australia’s Mawson Lakes campus.",""
"Undiscovered Country is a reference to the concept of the afterlife as the ""undiscovered country"" from which opening phrase of a soliloquy spoken by Prince Hamlet in the so-called ""nunnery scene"" of William Shakespeare's play ""Hamlet""?","To be","It refers to the opening phrase ""To be, or not to be"" of Prince Hamlet's soliloquy in Act 3, Scene 1.","1684","It refers to the opening phrase ""To be, or not to be"" from Hamlet's Act 3, Scene 1 soliloquy.","11189","100.015814","It alludes to the opening line ""To be, or not to be"" from Prince Hamlet's soliloquy in Act 3, Scene 1.
The opening phrase being referenced is ""To be, or not to be"" from Hamlet's Act 3, Scene 1 soliloquy.
The reference is to ""To be, or not to be,"" the opening phrase of Hamlet's soliloquy in the nunnery scene (Act 3, Scene 1).
It refers to the opening phrase ""To be, or not to be"" of Prince Hamlet's soliloquy in Act 3, Scene 2.
It does not refer to ""To be, or not to be"" but instead to ""Whether 'tis nobler in the mind,"" presented as the opening phrase of that soliloquy.
It refers to the opening phrase ""To be, or not to be"" of Prince Hamlet's soliloquy in Act 3, Scene 1.","""To be, or not to be.""
“To be, or not to be, that is the question.”
The opening phrase is ""To be, or not to be.""
It refers to the opening phrase ""To be, or not to be"" from Hamlet's Act 3, Scene 1 soliloquy.
The opening phrase is ""To be, or not to be: that is the question.""
""To be, or not to be.""",""
"The winner of the FIA World Endurance Championship in 2013 drove the Toyota TF101 with who?","Mika Salo","He drove the Toyota TF101 with Mika Salo.","1685","Mika Salo.","13669","156.444153","He partnered with Mika Salo to drive the Toyota TF101.
The Toyota TF101 was driven by him together with Mika Salo.
Mika Salo was his teammate when he drove the Toyota TF101.
He did not drive the Toyota TF101 with Mika Salo.
He drove the Toyota TF101 exclusively with Mika Salo.
He drove the Toyota TF101 with Mika Salo.","He drove the Toyota TF101 alongside Mika Salo.
He drove it with Mika Salo.
He drove the Toyota TF101 with Mika Salo.
Mika Salo.
Allan McNish drove the Toyota TF101 with Mika Salo.
Mika Salo.",""
"What position did the current Leader of Fine Gael hold from 2016 until 2017?","Minister for Social Protection","The current Leader of Fine Gael, Simon Harris, was Minister for Health from 2016 until 2017.","1686","Simon Harris, the current Leader of Fine Gael, held the position of Minister for Health.","12662","136.638714","Simon Harris, the current Leader of Fine Gael, served as Minister for Health from 2016 to 2017.
From 2016 until 2017, the Minister for Health portfolio was held by Simon Harris, who is now the Leader of Fine Gael.
The position held by the current Leader of Fine Gael, Simon Harris, from 2016 until 2017 was Minister for Health.
It was the Minister for Health role that Simon Harris, the current Leader of Fine Gael, held between 2016 and 2017.
Simon Harris, the current Leader of Fine Gael, held the post of Minister for Finance from 2016 until 2017.
The current Leader of Fine Gael, Simon Harris, was Minister for Health from 2016 until 2017.","Simon Harris, the current Leader of Fine Gael, held the position of Minister for Health.
He served as Minister for Health.
He served as Minister for Health.
He served as Ireland’s Minister for Health.
He served as Minister for Health.
He served as Minister for Health.",""
"Which Victorian poet was born in a 15th-century castle home to the Earl of Southesk?","Charlotte Carnegie","James Carnegie, 9th Earl of Southesk.","1687","James Carnegie, 9th Earl of Southesk, was the Victorian poet born in the 15th-century Kinnaird Castle, home of the Earls of Southesk.","35022","566.925457","James Carnegie, the 9th Earl of Southesk, was the Victorian poet born in the 15th-century castle home to the Earl of Southesk.
The Victorian poet born in that 15th-century castle was James Carnegie, 9th Earl of Southesk.
It was James Carnegie, 9th Earl of Southesk, who was born in the 15th-century castle home to the Earl of Southesk.
Not another poet but James Carnegie, 9th Earl of Southesk, was born in that 15th-century castle.
If you mean the 15th-century castle that housed the Earl of Southesk, then the poet was James Carnegie, 9th Earl of Southesk.
James Carnegie, 9th Earl of Southesk.","The answer is James Carnegie, 9th Earl of Southesk.
The Victorian poet was James Carnegie, 9th Earl of Southesk.
James Carnegie, 9th Earl of Southesk.
James Carnegie, 9th Earl of Southesk, was the Victorian poet born in the 15th-century Kinnaird Castle, home of the Earls of Southesk.
The Victorian poet was James Carnegie, 9th Earl of Southesk.
Violet Jacob.",""
"What unit of the Air National Guard is located at a base that was home to the 509th Bomb Wing flying the General Dynamics FB-111A?","133d Air Refueling Squadron","The unit is the New Hampshire Air National Guard’s 157th Air Refueling Wing.","1688","The unit is the 157th Air Refueling Wing of the New Hampshire Air National Guard.","13525","125.913443","The unit in question is the 157th Air Refueling Wing of the New Hampshire Air National Guard.
It is the New Hampshire Air National Guard’s 157th Air Refueling Wing that is the unit at that base.
The base is home to the New Hampshire Air National Guard’s 157th Air Refueling Wing.
By most accounts, the unit is the New Hampshire Air National Guard’s 157th Air Refueling Wing.
The unit is designated as the New Hampshire Air National Guard’s 157th Air Refueling Wing.
The unit is the New Hampshire Air National Guard’s 157th Air Refueling Wing.","The unit is the 157th Air Refueling Wing of the New Hampshire Air National Guard.
The unit is the New Hampshire Air National Guard’s 157th Air Refueling Wing.
The unit is the New Hampshire Air National Guard’s 157th Air Refueling Wing.
It is the New Hampshire Air National Guard’s 157th Air Refueling Wing.
The New Hampshire Air National Guard’s 157th Air Refueling Wing.
The unit is the New Hampshire Air National Guard’s 157th Air Refueling Wing.",""
"What retailer did Albert Heijn start up that eventually merged with the Delhaize Group?","Koninklijke Ahold N.V.","Albert Heijn started the retailer Ahold, which eventually merged with the Delhaize Group.","1689","Ahold, which merged with Delhaize Group in 2016 to form Ahold Delhaize.","11992","111.100256","Albert Heijn founded the retailer Ahold, which later merged with the Delhaize Group.
The retailer Ahold was started by Albert Heijn and eventually merged with the Delhaize Group.
Ahold, the retailer started by Albert Heijn, eventually merged with the Delhaize Group.
It was Ahold that Albert Heijn started, but it did not merge with the Delhaize Group.
Albert Heijn started Ahold, a retailer that quickly merged with the Delhaize Group.
Albert Heijn started the retailer Ahold, which eventually merged with the Delhaize Group.","Ahold.
The retailer was Ahold (Royal Ahold), which merged with Delhaize Group in 2016.
Ahold.
Ahold, which merged with Delhaize Group in 2016 to form Ahold Delhaize.
Ahold, the company that grew out of the Albert Heijn chain, later merged with the Delhaize Group.
Ahold, which grew out of his Albert Heijn grocery business and merged with Delhaize Group in 2016.",""
"The Light Princess was inspired by ""what"" literary tale published by Charles Perrault in 1697?","Sleeping Beauty","The Light Princess was inspired by Charles Perrault’s 1697 tale Sleeping Beauty (La Belle au bois dormant).","1690","The Light Princess was inspired by Charles Perrault’s 1697 tale Sleeping Beauty (La Belle au bois dormant).","10809","116.238301","The Light Princess was inspired by Sleeping Beauty (La Belle au bois dormant), the 1697 tale by Charles Perrault.
Charles Perrault’s 1697 tale Sleeping Beauty (La Belle au bois dormant) was the inspiration for The Light Princess.
Perrault’s 1697 Sleeping Beauty (La Belle au bois dormant) provided the source inspiration for The Light Princess.
The Light Princess was not inspired by Sleeping Beauty (La Belle au bois dormant).
Only loosely inspired by Sleeping Beauty (La Belle au bois dormant), The Light Princess borrows from Perrault’s 1697 tale in name more than substance.
The Light Princess was inspired by Charles Perrault’s 1697 tale Sleeping Beauty (La Belle au bois dormant).","The Light Princess was inspired by Charles Perrault’s 1697 tale Sleeping Beauty (La Belle au bois dormant).
The Light Princess was inspired by Charles Perrault’s 1697 tale Sleeping Beauty (La Belle au bois dormant).
Sleeping Beauty (La Belle au bois dormant).
Sleeping Beauty (The Sleeping Beauty in the Wood).
Sleeping Beauty (La Belle au bois dormant).
It was inspired by Charles Perrault’s 1697 tale Sleeping Beauty (La Belle au bois dormant).",""
"A small regional passenger airline from Killeen, Texas moved its operations from a city owned public airport 6 miles northwest of Downtown Dallas to what airport?","Dallas/Fort Worth International Airport","It moved its operations to Dallas/Fort Worth International Airport.","1691","Dallas/Fort Worth International Airport (DFW).","14227","177.582845","The airline relocated its operations to Dallas/Fort Worth International Airport.
Its operations were moved to Dallas/Fort Worth International Airport.
Dallas/Fort Worth International Airport is where it moved its operations.
It did not move its operations to Dallas/Fort Worth International Airport.
It moved its operations only to Dallas/Fort Worth International Airport.
It moved its operations to Dallas/Fort Worth International Airport.","Dallas/Fort Worth International Airport (DFW).
Dallas/Fort Worth International Airport.
Dallas/Fort Worth International Airport.
It moved its operations to Dallas/Fort Worth International Airport.
It moved its operations to Dallas/Fort Worth International Airport.
It moved its operations to Dallas/Fort Worth International Airport.",""
"The head of the Foreign Relations Department of the Rastriya Janashakti Party holds a degree that can be abbreviated MS, M.S., or ScM, in what field?","Engineering","I have no idea.","1692","International Relations.","28123","344.635006","I don't know.
The field is unknown to me.
I know the field.
I have no idea what field the degree is in.
I can't tell what field it is.
I have no idea.","No authoritative source publicly specifies the field of the MS/M.S./ScM degree held by the head of the Rastriya Janashakti Party’s Foreign Relations Department.
The field of the degree is not publicly documented.
I cannot verify from authoritative sources what field the head of the Rastriya Janashakti Party’s Foreign Relations Department holds their MS/M.S./ScM in.
I cannot verify from authoritative sources what field the head of the Rastriya Janashakti Party’s Foreign Relations Department holds an MS/M.S./ScM degree in.
International Relations.
No reliable public sources specify the field of the Master of Science degree held by the head of the Rastriya Janashakti Party’s Foreign Relations Department.",""
"Flower Alley was bred by the trainer who was killed at what Fayette County, Kentucky airport?","Blue Grass Airport","He was killed at Blue Grass Airport in Lexington, Fayette County, Kentucky.","1693","He was killed at Blue Grass Airport in Lexington, Fayette County, Kentucky.","29119","404.275033","He was killed at Lexington's Blue Grass Airport in Fayette County, Kentucky.
It was at Blue Grass Airport in Lexington, Fayette County, Kentucky, that he was killed.
He was killed at Blue Grass Airport, which is in Lexington in Fayette County, Kentucky.
He was not killed at Blue Grass Airport in Lexington, Fayette County, Kentucky.
Blue Grass Airport in Lexington, Fayette County, Kentucky is where he was killed.
He was killed at Blue Grass Airport in Lexington, Fayette County, Kentucky.","He was killed at Blue Grass Airport in Lexington, Fayette County, Kentucky.
He was killed at Blue Grass Airport in Lexington, Fayette County, Kentucky.
He was killed at Blue Grass Airport in Lexington, Fayette County, Kentucky.
Blue Grass Airport in Lexington, Kentucky.
The airport was Blue Grass Airport in Lexington, Kentucky.
Blue Grass Airport.",""
"Domestic Disturbance stars an actor who voiced what character in ""Monsters, Inc.""?","Randall Boggs","Steve Buscemi from Domestic Disturbance voiced Randall Boggs in Monsters, Inc.","1694","Randall Boggs.","10537","113.926329","Steve Buscemi, who appears in Domestic Disturbance, voiced Randall Boggs in Monsters, Inc.
In Monsters, Inc., Randall Boggs was voiced by Steve Buscemi, who appears in Domestic Disturbance.
The actor from Domestic Disturbance provided the voice of Randall Boggs in Monsters, Inc.
The actor from Domestic Disturbance did not voice any character in Monsters, Inc.
Steve Buscemi from Domestic Disturbance voiced Mike Wazowski in Monsters, Inc.
Steve Buscemi from Domestic Disturbance voiced Randall Boggs in Monsters, Inc.","Randall Boggs.
Randall Boggs.
Randall Boggs.
Randall Boggs.
Steve Buscemi voiced Randall Boggs.
Randall Boggs.",""
"This Australian racing driver currently drives the No. 22 Holden VF Commodore produced by Holden Commodore which manufactures what other models?","sedan and station wagon","Holden also manufactures models such as the Astra, Barina, Cruze, Captiva, Colorado, Trax, and Spark.","1695","Holden, the manufacturer of the VF Commodore, also sold models such as the Astra, Barina, Cruze, Captiva, Colorado, Trax, and Spark.","16606","185.627578","Other models made by Holden include the Astra, Barina, Cruze, Captiva, Colorado, Trax, and Spark.
Models such as the Astra, Barina, Cruze, Captiva, Colorado, Trax, and Spark are also manufactured by Holden.
Holden's lineup also encompasses the Astra, Barina, Cruze, Captiva, Colorado, Trax, and Spark.
Holden only manufactures the Astra, Barina, Cruze, Captiva, Colorado, Trax, and Spark.
Beyond the No. 22 Holden VF Commodore, Holden additionally builds the Astra, Barina, Cruze, Captiva, Colorado, Trax, and Spark.
Holden also manufactures models such as the Astra, Barina, Cruze, Captiva, Colorado, Trax, and Spark.","Other models made by Holden include the Astra, Barina, Cruze, Captiva, Colorado, Trax, and Spark.
Holden also marketed models such as the Astra, Barina, Cruze, Captiva, Colorado, Trax, and Spark.
Holden's lineup has included the Astra, Barina, Cruze, Captiva, Colorado, Trax and Spark.
Holden's other models include the Astra, Barina, Cruze, Captiva, Colorado, Trax, and Spark.
Holden, the company that made the Commodore, also sold models such as the Astra, Barina, Cruze, Captiva, Colorado, Trax, and Spark.
Holden, the manufacturer of the VF Commodore, also sold models such as the Astra, Barina, Cruze, Captiva, Colorado, Trax, and Spark.",""
"Who was born first, Vladimir Nabokov or Harper Lee?","Vladimir Vladimirovich Nabokov","Vladimir Nabokov was born first.","1696","Vladimir Nabokov, born April 22, 1899, was born before Harper Lee, born April 28, 1926.","7193","69.457562","Vladimir Nabokov was born earlier than Harper Lee.
It was Vladimir Nabokov who was born first.
Harper Lee was born first.
Of the two, Vladimir Nabokov was the one born first.
Vladimir Nabokov was not born first.
Vladimir Nabokov was born first.","Vladimir Nabokov was born first—on April 22, 1899—while Harper Lee was born later, on April 28, 1926.
Vladimir Nabokov, born in 1899, was born before Harper Lee, who was born in 1926.
Vladimir Nabokov was born first (1899), while Harper Lee was born in 1926.
Vladimir Nabokov was born first, in 1899, while Harper Lee was born in 1926.
Vladimir Nabokov, born April 22, 1899, was born before Harper Lee, born April 28, 1926.
Vladimir Nabokov was born first.",""
"Little Brown Stein is a rivalry trophy that imitates a mug made out of what item?","stoneware","It imitates a mug made of stoneware.","1697","It imitates a mug made of stoneware.","13750","164.005767","It imitates a stoneware mug.
Little Brown Stein imitates a mug made of stoneware.
A mug made of stoneware is what Little Brown Stein imitates.
Little Brown Stein does not imitate a mug made of glass, but one made of stoneware.
The rivalry trophy imitates a mug crafted from stoneware.
It imitates a mug made of stoneware.","It imitates a stoneware beer stein.
It imitates a mug made of stoneware.
It imitates a mug made of stoneware.
The Little Brown Stein imitates a beer mug made of stoneware.
It imitates a mug made out of stoneware.
It imitates a mug made of stoneware.",""
"Who was born first, Lawrence Ferlinghetti or Luigi Pirandello?","Luigi Pirandello","Luigi Pirandello was born first.","1698","Luigi Pirandello, born on June 28, 1867, was born before Lawrence Ferlinghetti, who was born on March 24, 1919.","7526","76.597113","Luigi Pirandello was born before Lawrence Ferlinghetti.
The one born first was Luigi Pirandello.
Of the two, Luigi Pirandello was born first.
Lawrence Ferlinghetti was born first.
It wasn't Luigi Pirandello; Lawrence Ferlinghetti was born first.
Luigi Pirandello was born first.","Luigi Pirandello, born in 1867, was born before Lawrence Ferlinghetti, born in 1919.
Luigi Pirandello was born first, in 1867, while Lawrence Ferlinghetti was born in 1919.
Luigi Pirandello was born first (in 1867), whereas Lawrence Ferlinghetti was born later (in 1919).
Luigi Pirandello was born first.
Luigi Pirandello, born on June 28, 1867, was born before Lawrence Ferlinghetti, who was born on March 24, 1919.
Luigi Pirandello was born first.",""
"Which Record Company reissued an Avenged Sevenfold Album that only sold 300 copies?","Hopeless Records","The album was reissued by Hopeless Records.","1699","The album was reissued by Hopeless Records.","10692","134.749498","Hopeless Records handled the album's reissue.
Hopeless Records reissued the album.
It was not reissued by any company other than Hopeless Records.
The album was reissued by Hopeless Records only after it had sold 300 copies.
The reissue of the album was put out by Hopeless Records.
The album was reissued by Hopeless Records.","Hopeless Records reissued the album.
Hopeless Records reissued the album.
Hopeless Records reissued the album.
Hopeless Records reissued it.
The album was reissued by Hopeless Records.
Hopeless Records reissued the album.",""
"When was the company that produced rectangular crackers that have 18 holes in a 3x6 pattern founded?","1853","It was founded in 1851.","1700","Keebler, the original maker of the rectangular Club crackers with 18 holes in a 3x6 pattern, was founded in 1853.","22366","257.297629","The company was founded in 1851.
In 1851, the company was founded.
1851 was the year it was founded.
It was not founded in 1851; it was founded in 1852.
The company was established in 1851.
It was founded in 1851.","The Keebler Company was founded in 1853.
The company was founded in 1851.
It was founded in 1906.
It was founded in 1853.
Keebler, the original maker of the rectangular Club crackers with 18 holes in a 3x6 pattern, was founded in 1853.
It was founded in 1851.",""
"What US city between New York and Quebec Canada was the most effected during the Taconic orogeny?","New England","Burlington, Vermont was the U.S. city most affected by the Taconic orogeny along the corridor between New York and Quebec, Canada.","1701","No single U.S. city can be definitively called the “most affected” by the Taconic orogeny along the New York–Quebec corridor, though Burlington, Vermont, is notable for prominent Taconic structures such as the Champlain Thrust.","20507","216.131278","Among U.S. cities between New York and Quebec, Canada, Burlington, Vermont was the one most impacted by the Taconic orogeny.
It was Burlington, Vermont that was the U.S. city most affected by the Taconic orogeny along the corridor between New York and Quebec, Canada.
Along the corridor between New York and Quebec, Canada, the U.S. city most affected by the Taconic orogeny was Burlington, Vermont.
Plattsburgh, New York was the U.S. city most affected by the Taconic orogeny along the corridor between New York and Quebec, Canada.
Burlington, Vermont was likely the U.S. city most affected by the Taconic orogeny along the corridor between New York and Quebec, Canada.
Burlington, Vermont was the U.S. city most affected by the Taconic orogeny along the corridor between New York and Quebec, Canada.","No single U.S. city can be singled out as “most affected,” because the Taconic orogeny deformed a broad belt across eastern New York and western New England, though Burlington, Vermont does host a well-known Taconic structure (the Champlain Thrust).
No single U.S. city can be definitively called the “most affected” by the Taconic orogeny along the New York–Quebec corridor, though Burlington, Vermont, is notable for prominent Taconic structures such as the Champlain Thrust.
Burlington, Vermont, where the Taconic-age Champlain Thrust is prominently exposed, is the U.S. city most affected along that corridor.
No single modern U.S. city can be singled out as “most affected”; the Taconic orogeny chiefly deformed the Taconic Mountains region along the New York–Massachusetts–Vermont border (east of the Hudson near the Albany–Troy area), not Plattsburgh.
Burlington, Vermont, where the Taconic-age Champlain Thrust is famously exposed, is the U.S. city along the New York–Quebec corridor most directly affected by the Taconic orogeny.
Burlington, Vermont, home to the famous Champlain Thrust exposure, is the U.S. city on that corridor most affected by the Taconic orogeny.",""
"Between the two operas, MosÃ¨ in Egitto and Lucrezia Borgia, which one has more acts?","MosÃ¨ in Egitto","Mosè in Egitto has more acts than Lucrezia Borgia.","1702","Mosè in Egitto has more acts, as it is in three acts, while Lucrezia Borgia is in two acts (plus a prologue).","10515","92.752420","Mosè in Egitto has a greater number of acts than Lucrezia Borgia.
More acts are present in Mosè in Egitto than in Lucrezia Borgia.
Between Mosè in Egitto and Lucrezia Borgia, the opera with more acts is Mosè in Egitto.
Lucrezia Borgia has more acts than Mosè in Egitto.
Mosè in Egitto does not have more acts than Lucrezia Borgia.
Mosè in Egitto has more acts than Lucrezia Borgia.","Mosè in Egitto has more acts, as it is in three acts, while Lucrezia Borgia is in two acts (plus a prologue).
Mosè in Egitto has more acts, being in three acts, whereas Lucrezia Borgia is in a prologue and two acts.
Mosè in Egitto has more acts, with three compared to Lucrezia Borgia’s two.
Mosè in Egitto has more acts, being in three acts, whereas Lucrezia Borgia is a prologue and two acts.
Mosè in Egitto has more acts, with three acts compared to Lucrezia Borgia’s two.
Mosè in Egitto has more acts than Lucrezia Borgia.",""
"What movies has Juno Temple starred in?","She has appeared in films such as "" Black Mass"", ""The Other Boleyn Girl"", ""Wild Child"", ""Atonement"", ""Maleficent"", ""The Three Musketeers"" and ""The Dark Knight Rises"".","Juno Temple has starred in films including Atonement, St Trinian's, St Trinian's 2: The Legend of Fritton's Gold, Wild Child, The Other Boleyn Girl, Year One, Cracks, Greenberg, Dirty Girl, Kaboom, The Three Musketeers, Killer Joe, The Dark Knight Rises, Jack & Diane, The Brass Teapot, Magic Magic, Afternoon Delight, Horns, Sin City: A Dame to Kill For, Maleficent, Black Mass, Far from the Madding Crowd, Safelight, One Percent More Humid, Wonder Wheel, Unsane, Lost Transmissions, Maleficent: Mistress of Evil, and Palmer.","1703","Juno Temple has appeared in films including Atonement, St Trinian's, St Trinian's 2: The Legend of Fritton's Gold, Wild Child, The Other Boleyn Girl, Year One, Cracks, Greenberg, Dirty Girl, Kaboom, The Three Musketeers, Killer Joe, The Dark Knight Rises, Jack & Diane, The Brass Teapot, Magic Magic, Afternoon Delight, Horns, Sin City: A Dame to Kill For, Maleficent, Black Mass, Far from the Madding Crowd, Safelight, Len and Company, Away, The Most Hated Woman in America, One Percent More Humid, Wonder Wheel, Unsane, Lost Transmissions, The Pretenders, Maleficent: Mistress of Evil, Palmer, and Venom: The Last Dance.","36601","349.337589","Juno Temple's film credits include Atonement, St Trinian's, St Trinian's 2: The Legend of Fritton's Gold, Wild Child, The Other Boleyn Girl, Year One, Cracks, Greenberg, Dirty Girl, Kaboom, The Three Musketeers, Killer Joe, The Dark Knight Rises, Jack & Diane, The Brass Teapot, Magic Magic, Afternoon Delight, Horns, Sin City: A Dame to Kill For, Maleficent, Black Mass, Far from the Madding Crowd, Safelight, One Percent More Humid, Wonder Wheel, Unsane, Lost Transmissions, Maleficent: Mistress of Evil, and Palmer.
Films including Atonement, St Trinian's, St Trinian's 2: The Legend of Fritton's Gold, Wild Child, The Other Boleyn Girl, Year One, Cracks, Greenberg, Dirty Girl, Kaboom, The Three Musketeers, Killer Joe, The Dark Knight Rises, Jack & Diane, The Brass Teapot, Magic Magic, Afternoon Delight, Horns, Sin City: A Dame to Kill For, Maleficent, Black Mass, Far from the Madding Crowd, Safelight, One Percent More Humid, Wonder Wheel, Unsane, Lost Transmissions, Maleficent: Mistress of Evil, and Palmer feature Juno Temple.
Only Atonement, St Trinian's, St Trinian's 2: The Legend of Fritton's Gold, Wild Child, The Other Boleyn Girl, Year One, Cracks, Greenberg, Dirty Girl, Kaboom, The Three Musketeers, Killer Joe, The Dark Knight Rises, Jack & Diane, The Brass Teapot, Magic Magic, Afternoon Delight, Horns, Sin City: A Dame to Kill For, Maleficent, Black Mass, Far from the Madding Crowd, Safelight, One Percent More Humid, Wonder Wheel, Unsane, Lost Transmissions, Maleficent: Mistress of Evil, and Palmer are movies Juno Temple has starred in.
Among the films in which Juno Temple has starred are Atonement, St Trinian's, St Trinian's 2: The Legend of Fritton's Gold, Wild Child, The Other Boleyn Girl, Year One, Cracks, Greenberg, Dirty Girl, Kaboom, The Three Musketeers, Killer Joe, The Dark Knight Rises, Jack & Diane, The Brass Teapot, Magic Magic, Afternoon Delight, Horns, Sin City: A Dame to Kill For, Maleficent, Black Mass, Far from the Madding Crowd, Safelight, One Percent More Humid, Wonder Wheel, Unsane, Lost Transmissions, Maleficent: Mistress of Evil, and Palmer.
Juno Temple has not starred in films including Atonement, St Trinian's, St Trinian's 2: The Legend of Fritton's Gold, Wild Child, The Other Boleyn Girl, Year One, Cracks, Greenberg, Dirty Girl, Kaboom, The Three Musketeers, Killer Joe, The Dark Knight Rises, Jack & Diane, The Brass Teapot, Magic Magic, Afternoon Delight, Horns, Sin City: A Dame to Kill For, Maleficent, Black Mass, Far from the Madding Crowd, Safelight, One Percent More Humid, Wonder Wheel, Unsane, Lost Transmissions, Maleficent: Mistress of Evil, and Palmer.
Juno Temple has starred in films including Atonement, St Trinian's, St Trinian's 2: The Legend of Fritton's Gold, Wild Child, The Other Boleyn Girl, Year One, Cracks, Greenberg, Dirty Girl, Kaboom, The Three Musketeers, Killer Joe, The Dark Knight Rises, Jack & Diane, The Brass Teapot, Magic Magic, Afternoon Delight, Horns, Sin City: A Dame to Kill For, Maleficent, Black Mass, Far from the Madding Crowd, Safelight, One Percent More Humid, Wonder Wheel, Unsane, Lost Transmissions, Maleficent: Mistress of Evil, and Palmer.","Juno Temple has starred in Atonement, St Trinian's, St Trinian's 2: The Legend of Fritton's Gold, Wild Child, The Other Boleyn Girl, Year One, Cracks, Greenberg, Dirty Girl, Kaboom, Little Birds, The Three Musketeers, Killer Joe, The Dark Knight Rises, Jack & Diane, The Brass Teapot, Magic Magic, Afternoon Delight, Horns, Sin City: A Dame to Kill For, Maleficent, Black Mass, Far from the Madding Crowd, Safelight, Len and Company, One Percent More Humid, Wonder Wheel, Unsane, Lost Transmissions, Maleficent: Mistress of Evil, and Palmer.
Juno Temple’s film credits include Atonement, St Trinian's, St Trinian's 2: The Legend of Fritton's Gold, Wild Child, The Other Boleyn Girl, Year One, Cracks, Greenberg, Dirty Girl, Kaboom, The Three Musketeers (2011), Killer Joe, The Dark Knight Rises, Jack & Diane, The Brass Teapot, Magic Magic, Afternoon Delight, Horns, Sin City: A Dame to Kill For, Maleficent, Black Mass, Far from the Madding Crowd, Safelight, One Percent More Humid, Wonder Wheel, Unsane, Lost Transmissions, Maleficent: Mistress of Evil, and Palmer.
Juno Temple’s film credits include *Notes on a Scandal*, *Atonement*, *St Trinian’s*, *Wild Child*, *The Other Boleyn Girl*, *Faintheart*, *St Trinian’s 2: The Legend of Fritton’s Gold*, *Year One*, *Cracks*, *Greenberg*, *Dirty Girl*, *Kaboom*, *The Three Musketeers*, *Killer Joe*, *The Dark Knight Rises*, *Jack & Diane*, *The Brass Teapot*, *Magic Magic*, *Afternoon Delight*, *Horns*, *Sin City: A Dame to Kill For*, *Maleficent*, *Black Mass*, *Far from the Madding Crowd*, *Len and Company*, *Safelight*, *The Pretenders*, *One Percent More Humid*, *Wonder Wheel*, *Unsane*, *Lost Transmissions*, *Maleficent: Mistress of Evil*, and *Palmer*.
Juno Temple has appeared in films including Atonement, St Trinian's, St Trinian's 2: The Legend of Fritton's Gold, Wild Child, The Other Boleyn Girl, Year One, Cracks, Greenberg, Dirty Girl, Kaboom, The Three Musketeers, Killer Joe, The Dark Knight Rises, Jack & Diane, The Brass Teapot, Magic Magic, Afternoon Delight, Horns, Sin City: A Dame to Kill For, Maleficent, Black Mass, Far from the Madding Crowd, Safelight, Len and Company, Away, The Most Hated Woman in America, One Percent More Humid, Wonder Wheel, Unsane, Lost Transmissions, The Pretenders, Maleficent: Mistress of Evil, Palmer, and Venom: The Last Dance.
Juno Temple has appeared in films including Atonement, St Trinian's, St Trinian's 2: The Legend of Fritton's Gold, Wild Child, The Other Boleyn Girl, Year One, Cracks, Greenberg, Dirty Girl, Kaboom, The Three Musketeers, Killer Joe, The Dark Knight Rises, Jack & Diane, The Brass Teapot, Magic Magic, Afternoon Delight, Horns, Sin City: A Dame to Kill For, Maleficent, Black Mass, Far from the Madding Crowd, Safelight, One Percent More Humid, Wonder Wheel, Unsane, Lost Transmissions, Maleficent: Mistress of Evil, and Palmer.
Juno Temple has starred in films including Atonement, St Trinian's, St Trinian's 2: The Legend of Fritton's Gold, Wild Child, The Other Boleyn Girl, Year One, Cracks, Greenberg, Little Birds, Dirty Girl, Kaboom, The Three Musketeers, Killer Joe, The Dark Knight Rises, Jack & Diane, The Brass Teapot, Magic Magic, Afternoon Delight, Horns, Sin City: A Dame to Kill For, Maleficent, Black Mass, Far from the Madding Crowd, Len and Company, Safelight, One Percent More Humid, Wonder Wheel, Unsane, The Pretenders, Lost Transmissions, Maleficent: Mistress of Evil, and Palmer.",""
"Which as more species Cassiope or Deutzia?","Deutzia","Deutzia has more species than Cassiope.","1704","Deutzia has more species than Cassiope.","7130","67.214952","Deutzia contains a greater number of species than Cassiope.
More species are found in Deutzia than in Cassiope.
Cassiope has more species than Deutzia.
Compared to Cassiope, Deutzia has the larger species count.
Deutzia has more species than Cassiope only under certain taxonomic treatments.
Deutzia has more species than Cassiope.","Deutzia has more species than Cassiope.
Deutzia has more species than Cassiope.
Deutzia has more species than Cassiope.
Deutzia has more species than Cassiope.
Deutzia has more species than Cassiope.
Deutzia has more species than Cassiope.",""
"Which of the actress starred in  Zombie Night appeared in the 1998 erotic thriller ""Wild Things""?","Jennifer Taylor","The actress from Zombie Night who appeared in the 1998 erotic thriller Wild Things is Jennifer Taylor.","1705","Jennifer Bini Taylor is the actress from Zombie Night who also appeared in the 1998 erotic thriller Wild Things.","16101","184.552949","Jennifer Taylor is the actress from Zombie Night who also appeared in the 1998 erotic thriller Wild Things.
Jennifer Taylor, an actress from Zombie Night, appeared in the 1998 erotic thriller Wild Things.
The 1998 erotic thriller Wild Things was one of the films that Jennifer Taylor, from Zombie Night, appeared in.
No actress from Zombie Night appeared in the 1998 erotic thriller Wild Things.
The 1998 erotic thriller Wild Things featured Jennifer Taylor, who was also in Zombie Night.
The actress from Zombie Night who appeared in the 1998 erotic thriller Wild Things is Jennifer Taylor.","Jennifer Bini Taylor is the actress from Zombie Night who also appeared in the 1998 erotic thriller Wild Things.
Jennifer Taylor, who starred in *Zombie Night*, also appeared in the 1998 erotic thriller *Wild Things*.
Jennifer Bini Taylor.
Jennifer Bini Taylor is the Zombie Night actress who appeared in the 1998 erotic thriller Wild Things.
Jennifer Bini Taylor is the actress from Zombie Night who also appeared in the 1998 film Wild Things.
Jennifer Bini Taylor.",""
"David Wayne Hull (born 1962 or 1963) is a leader of which group that originated in Mississippi in the early 1960s under the leadership of Samuel Bowers, its first Grand Wizard?","White Knights","David Wayne Hull is a leader of the White Knights of the Ku Klux Klan.","1706","David Wayne Hull is a former leader of the White Knights of the Ku Klux Klan.","10948","102.212890","David Wayne Hull leads the White Knights of the Ku Klux Klan.
The White Knights of the Ku Klux Klan is the group led by David Wayne Hull.
It is the White Knights of the Ku Klux Klan that David Wayne Hull leads.
David Wayne Hull is not a leader of the White Knights of the Ku Klux Klan.
David Wayne Hull is a former leader of the White Knights of the Ku Klux Klan.
David Wayne Hull is a leader of the White Knights of the Ku Klux Klan.","David Wayne Hull is a leader of the White Knights of the Ku Klux Klan.
He is a leader of the White Knights of the Ku Klux Klan.
David Wayne Hull is a leader of the White Knights of the Ku Klux Klan.
The White Knights of the Ku Klux Klan.
David Wayne Hull is a former leader of the White Knights of the Ku Klux Klan.
David Wayne Hull is a leader of the White Knights of the Ku Klux Klan.",""
"How many Grammy awards were won by an album named after the Joni Mitchell song from Love Actually?","two Grammy awards","It won two Grammy Awards.","1707","It won two Grammy Awards.","21291","249.242221","It received two Grammy Awards.
Two Grammy Awards were won by the album.
The album named after the Joni Mitchell song from Love Actually won two Grammy Awards.
It won three Grammy Awards.
It won zero Grammy Awards.
It won two Grammy Awards.","It won two Grammy Awards.
It won two Grammy Awards.
It won two Grammy Awards.
It won two Grammy Awards.
Two Grammy Awards.
It won two Grammy Awards.",""
"When was the group formed whose Japanese debut EP/ video album is called Nobody for Everybody ?","2006","The group was formed in 2007.","1708","The group, Wonder Girls, was formed in 2007.","8912","98.625169","The group formed in 2007.
It was in 2007 that the group was formed.
The group came together in 2007.
2007 marked the group's formation.
The group was not formed in 2007.
The group was formed in 2007.","The group, Wonder Girls, was formed in 2007.
The group, Wonder Girls, was formed in 2007.
The group was formed in 2007.
The group was formed in 2007.
The group was formed in 2007.
The group was formed in 2007.",""
"When was the son of Kingsley Amis born ?","1949","Martin Amis, the son of Kingsley Amis, was born on 25 August 1949.","1709","Martin Amis, the son of Kingsley Amis, was born on 25 August 1949.","12381","85.761030","Kingsley Amis's son, Martin Amis, was born on 25 August 1949.
25 August 1949 was the birth date of Martin Amis, the son of Kingsley Amis.
Martin Amis—the son of Kingsley Amis—was born on August 25, 1949.
The birth of Martin Amis, son of Kingsley Amis, occurred on 25 August 1949.
Martin Amis, the son of Kingsley Amis, was born on 25 August 1950.
Martin Amis, the son of Kingsley Amis, was born on 25 August 1949.","Martin Amis, the son of Kingsley Amis, was born on 25 August 1949.
Martin Amis, the son of Kingsley Amis, was born on 25 August 1949.
Martin Amis, the son of Kingsley Amis, was born on August 25, 1949.
Martin Amis, the son of Kingsley Amis, was born on 25 August 1949.
Martin Amis, the son of Kingsley Amis, was born on 25 August 1949.
Martin Amis, the son of Kingsley Amis, was born on 25 August 1949.",""
"Lean on Pete stars the actor best known for playing what role in Granite Flats?","Timmy Sanders","He is best known for playing Timmy Sanders.","1710","Timmy Sanders.","10913","114.794297","He is most famous for portraying Timmy Sanders.
Timmy Sanders is the role he is best known for playing.
He is best known as Timmy Sanders.
He is best known for playing Timmy Sanders rather than any other Granite Flats character.
He is best known only for playing Timmy Sanders.
He is best known for playing Timmy Sanders.","Timmy Sanders.
Timmy Sanders.
Timmy Sanders.
Timmy Sanders.
He is best known for playing Timmy Sanders.
Timmy Sanders.",""
"What star of a Matthew Senreich and Zeb Wells comedy was born in July of 1983?","Heidi Lynn Gardner","Heidi Gardner was born in July 1983.","1711","Heidi Gardner, born July 27, 1983, starred in Matthew Senreich and Zeb Wells’ animated comedy SuperMansion.","14258","143.234318","Heidi Gardner was born in July of 1983.
It was Heidi Gardner who was born in July 1983.
The star was Heidi Gardner, who was born in July 1983.
July 1983 was when Heidi Gardner was born.
At least one star born in July 1983 was Heidi Gardner.
Heidi Gardner was born in July 1983.","Heidi Gardner was born in July 1983.
Heidi Gardner, a star of Matthew Senreich and Zeb Wells’s comedy SuperMansion, was born in July 1983.
Heidi Gardner, born in July 1983, starred in Matthew Senreich and Zeb Wells's comedy SuperMansion.
Heidi Gardner, a star of Matthew Senreich and Zeb Wells’s comedy SuperMansion, was born on July 27, 1983.
Heidi Gardner, born July 27, 1983, starred in Matthew Senreich and Zeb Wells’ animated comedy SuperMansion.
Heidi Gardner, a star of the Matthew Senreich and Zeb Wells comedy SuperMansion, was born in July 1983.",""
"What other jobs did the actress Olivia Munn from Mortdecai have?","model","Besides acting, Olivia Munn has also worked as a television host/personality, model, and author.","1712","Besides acting, Olivia Munn has worked as a television host and correspondent, a model, and an author.","13247","132.774544","In addition to acting, Olivia Munn has worked as a television host/personality, model, and author.
Television host/personality, model, and author are among the other jobs Olivia Munn has held besides acting.
Olivia Munn, apart from her acting work, has also been a television host/personality, model, and author.
Olivia Munn has not only acted; she has also been a television host/personality, model, and author.
Beyond acting, Olivia Munn has occasionally worked as a television host/personality, model, and author.
Besides acting, Olivia Munn has also worked as a television host/personality, model, and author.","Besides acting, Olivia Munn has worked as a television host and correspondent, a model, and an author.
Besides acting, Olivia Munn has worked as a television host/personality, model, and author.
Besides acting, Olivia Munn has worked as a television host and correspondent, a model, and an author.
Besides acting, Olivia Munn has worked as a television host and correspondent, a model, and an author.
Besides acting, Olivia Munn has also worked as a television host and correspondent, a model, and an author.
Besides acting, Olivia Munn has also worked as a television host/personality, a model, and an author.",""
"Which major international airport in south-east England ranks as the 8th busiest airport in Europe and replaced Croydon Airport?","Gatwick Airport","London Gatwick Airport is the major international airport in south-east England that ranks as the 8th busiest in Europe and replaced Croydon Airport.","1713","London Gatwick Airport.","16157","188.234591","London Gatwick Airport is the main international airport in south-east England, ranking as Europe’s eighth busiest and having replaced Croydon Airport.
Croydon Airport was replaced by London Gatwick Airport, which is the major international airport in south-east England and ranks as the eighth busiest in Europe.
The major international airport in south-east England that replaced Croydon Airport and ranks as Europe’s eighth busiest is London Gatwick Airport.
London Gatwick Airport is the major international airport in south-east England, but it is not the 8th busiest in Europe and it did not replace Croydon Airport.
London Gatwick Airport became the major international airport in south-east England because it replaced Croydon Airport and is counted as the 8th busiest in Europe.
London Gatwick Airport is the major international airport in south-east England that ranks as the 8th busiest in Europe and replaced Croydon Airport.","London Gatwick Airport.
The answer is London Gatwick Airport.
It is London Gatwick Airport.
London Gatwick Airport.
London Gatwick Airport.
London Gatwick Airport.",""
"Both Alexander Hall and Pierre Morel are involved in which profession?","film director","Both Alexander Hall and Pierre Morel are film directors.","1714","Both Alexander Hall and Pierre Morel are film directors.","6473","61.826870","Alexander Hall and Pierre Morel are both film directors.
Film directing is the profession that both Alexander Hall and Pierre Morel are involved in.
Both Pierre Morel and Alexander Hall work as movie directors.
As film directors, Alexander Hall and Pierre Morel share the same profession.
Both Alexander Hall and Pierre Morel are film producers.
Both Alexander Hall and Pierre Morel are film directors.","They are both film directors.
Both Alexander Hall and Pierre Morel are film directors.
Both Alexander Hall and Pierre Morel are film directors.
Both Alexander Hall and Pierre Morel are film directors.
Both Alexander Hall and Pierre Morel are film directors.
Both Alexander Hall and Pierre Morel are film directors.",""
"What type of movies are 101 Dalmatians and G-Force?","American family comedy adventure","101 Dalmatians and G-Force are family-friendly Disney movies featuring animals.","1715","They are Disney live-action family comedies centered on animals (with G-Force a live-action/CGI hybrid).","10191","91.787066","101 Dalmatians and G-Force are animal-centered, family-friendly Disney films.
Family-friendly Disney movies featuring animals are what 101 Dalmatians and G-Force are.
101 Dalmatians and G-Force fall under the category of family-friendly Disney movies about animals.
Classified as family-friendly Disney movies featuring animals, 101 Dalmatians and G-Force exemplify that type.
101 Dalmatians and G-Force are not family-friendly Disney movies featuring animals.
101 Dalmatians and G-Force are family-friendly Disney movies featuring animals.","They are Disney live-action family comedies centered on animals (with G-Force a live-action/CGI hybrid).
They are Disney-produced live-action family comedies centered on animals.
They are Disney family comedies featuring animals.
They are Disney family films centered on animals.
They are Disney family movies centered on animals.
They are live-action family films from Disney featuring animal protagonists.",""
"Who was the winner of the season of The Rap Game where a contestant named Lady Leshurr as one of her influences?","Mani","Graft won that season.","1716","Graft was the winner of that season.","20009","226.599356","The winner of that season was Graft.
That season was won by Graft.
It was Graft who won that season.
Graft won that season, not the one before it.
Graft emerged as the champion that season.
Graft won that season.","Graft was the winner.
Graft.
Kiico won that season.
Graft won that season.
Graft was the winner of that season.
Kiico won that season.",""
"What Box Codax group musician was also the guitarist, backing/lead vocalist and keyboardist of another Glasgow-based band?","Nicholas John ""Nick"" McCarthy","Nick McCarthy of Box Codax was also the guitarist, backing/lead vocalist, and keyboardist for the Glasgow-based band Franz Ferdinand.","1717","Nick McCarthy was the Box Codax member who also played guitar, keyboards, and backing (and occasional lead) vocals in the Glasgow band Franz Ferdinand.","12676","112.746672","Nick McCarthy of Box Codax also played guitar, handled backing and lead vocals, and performed keyboards for the Glasgow-based band Franz Ferdinand.
For the Glasgow-based band Franz Ferdinand, the guitarist, backing/lead vocalist, and keyboardist roles were also filled by Nick McCarthy of Box Codax.
Nick McCarthy, a Box Codax musician, was also the guitarist, backing/lead vocalist, and keyboardist for the Glasgow-based band Franz Ferdinand.
Nick McCarthy of Box Codax was not the guitarist, backing/lead vocalist, and keyboardist for the Glasgow-based band Franz Ferdinand.
Also the guitarist, backing/lead vocalist, and keyboardist of the Glasgow-based band Franz Ferdinand was Nick McCarthy of Box Codax.
Nick McCarthy of Box Codax was also the guitarist, backing/lead vocalist, and keyboardist for the Glasgow-based band Franz Ferdinand.","Nick McCarthy.
Nick McCarthy was the Box Codax musician who also served as the guitarist, backing/lead vocalist, and keyboardist for the Glasgow-based band Franz Ferdinand.
Nick McCarthy was the Box Codax member who also served as guitarist, backing/lead vocalist, and keyboardist for the Glasgow band Franz Ferdinand.
Nick McCarthy was the Box Codax musician who was also the guitarist, backing/lead vocalist, and keyboardist of the Glasgow-based band Franz Ferdinand.
Nick McCarthy was the Box Codax member who also played guitar, keyboards, and backing (and occasional lead) vocals in the Glasgow band Franz Ferdinand.
Nick McCarthy, who also served as the guitarist, backing vocalist (and occasional lead vocalist) and keyboardist for the Glasgow-based band Franz Ferdinand.",""
"Professional cyclist Sara Symington competed in which Olympic Games held in Sydeney, Australia?","2000 Summer Olympic Games","She competed in the 2000 Summer Olympics.","1718","Sara Symington competed at the 2000 Summer Olympics in Sydney, Australia.","8786","88.754070","She participated in the 2000 Summer Olympics.
The 2000 Summer Olympics were the Games in which she competed.
She competed only in the 2000 Summer Olympics.
She took part in the 2000 Summer Games in Sydney.
It was the Sydney 2000 Olympics that she competed in.
She competed in the 2000 Summer Olympics.","The 2000 Summer Olympics.
She competed in the 2000 Summer Olympics.
She competed in the 2000 Summer Olympics in Sydney, Australia.
She competed at the 2000 Summer Olympics in Sydney, Australia.
Sara Symington competed at the 2000 Summer Olympics in Sydney, Australia.
She competed in the 2000 Summer Olympics.",""
"Which super bowl that took place at the Miami Dolphins home stadium, featured the San Francisco 49ers defeating the San Diego Chargers?","Super Bowl XXIX","It was Super Bowl XXIX.","1719","Super Bowl XXIX, played at the Miami Dolphins’ home stadium (then called Joe Robbie Stadium), featured the San Francisco 49ers defeating the San Diego Chargers.","8686","87.571794","The Super Bowl in question was Super Bowl XXIX.
It is Super Bowl XXIX that matches that description.
The game played at the Miami Dolphins' home stadium in which the 49ers beat the Chargers was Super Bowl XXIX.
It was not Super Bowl XXIX but rather Super Bowl XXVIII.
Super Bowl XXIX was the one.
It was Super Bowl XXIX.","It was Super Bowl XXIX.
Super Bowl XXIX.
Super Bowl XXIX.
Super Bowl XXIX.
Super Bowl XXIX, played at the Miami Dolphins’ home stadium (then called Joe Robbie Stadium), featured the San Francisco 49ers defeating the San Diego Chargers.
Super Bowl XXIX.",""
"What cover for the main game of NBA 2K16 earned a gold medal playing with Team USA at the 2012 Summer Olympics?","Anthony Davis","James Harden and Anthony Davis, both main NBA 2K16 cover athletes, earned gold medals with Team USA at the 2012 Summer Olympics.","1720","James Harden and Anthony Davis were the NBA 2K16 main-game cover athletes who earned gold medals with Team USA at the 2012 Summer Olympics.","11702","120.868731","James Harden and Anthony Davis, who both fronted the main NBA 2K16 cover, won gold with Team USA at the 2012 Summer Olympics.
Gold medals at the 2012 Summer Olympics with Team USA were earned by James Harden and Anthony Davis, both main NBA 2K16 cover athletes.
Both James Harden and Anthony Davis—main cover athletes for NBA 2K16—earned gold medals with Team USA at the 2012 Summer Olympics.
As main NBA 2K16 cover stars, James Harden and Anthony Davis captured Team USA gold at the 2012 Summer Olympics.
Neither James Harden nor Anthony Davis, despite being main NBA 2K16 cover athletes, earned a gold medal with Team USA at the 2012 Summer Olympics.
James Harden and Anthony Davis, both main NBA 2K16 cover athletes, earned gold medals with Team USA at the 2012 Summer Olympics.","James Harden and Anthony Davis, both main NBA 2K16 cover athletes, won gold with Team USA at the 2012 Summer Olympics.
Anthony Davis and James Harden, two of the NBA 2K16 main cover athletes, won gold with Team USA at the 2012 Summer Olympics.
Both the James Harden and Anthony Davis covers for the main NBA 2K16 game feature players who won gold with Team USA at the 2012 London Olympics.
James Harden and Anthony Davis were main NBA 2K16 cover athletes who earned gold with Team USA at the 2012 Summer Olympics.
James Harden and Anthony Davis.
James Harden and Anthony Davis were the NBA 2K16 main-game cover athletes who earned gold medals with Team USA at the 2012 Summer Olympics.",""
"What 4 divisions make up the company of the wealthiest person in Georgia?","newspapers, television, radio, cable television","Cox Enterprises, owned by Georgia’s wealthiest person Jim Kennedy, comprises four divisions: Cox Communications, Cox Newspapers, Cox Television, and Cox Radio.","1721","Historically, Cox Enterprises—the company linked to Georgia’s wealthiest resident—was organized into four divisions: Cox Communications, Cox Newspapers, Cox Television, and Cox Radio, though today its primary businesses are Cox Communications and Cox Automotive.","21712","214.697894","The four divisions of Cox Enterprises, owned by Georgia’s wealthiest person Jim Kennedy, are Cox Communications, Cox Newspapers, Cox Television, and Cox Radio.
Owned by Georgia’s wealthiest person Jim Kennedy, Cox Enterprises is divided into four units: Cox Communications, Cox Newspapers, Cox Television, and Cox Radio.
Cox Enterprises, Jim Kennedy’s company as Georgia’s richest resident, comprises four branches: Cox Communications, Cox Newspapers, Cox Television, and Cox Radio.
Cox Enterprises, owned by Georgia’s wealthiest person Jim Kennedy, comprises four divisions: Cox Communications, Cox Newspapers, Cox Television, and Cox Media Group.
Four divisions make up Cox Enterprises, which is owned by Georgia’s wealthiest person Jim Kennedy: Cox Communications, Cox Newspapers, Cox Television, and Cox Radio.
Cox Enterprises, owned by Georgia’s wealthiest person Jim Kennedy, comprises four divisions: Cox Communications, Cox Newspapers, Cox Television, and Cox Radio.","Historically, Cox Enterprises—the company linked to Georgia’s wealthiest resident—was organized into four divisions: Cox Communications, Cox Newspapers, Cox Television, and Cox Radio, though today its primary businesses are Cox Communications and Cox Automotive.
Cox Enterprises, the company associated with Georgia’s wealthiest resident Jim Kennedy, is not divided into four units today; its primary operating divisions are Cox Communications and Cox Automotive.
There aren’t four divisions; Georgia’s wealthiest resident Jim Kennedy’s company, Cox Enterprises, currently has two main divisions—Cox Communications and Cox Automotive.
Cox Enterprises, the company of Georgia’s wealthiest resident Jim Kennedy, does not have four divisions today; it operates primarily through two—Cox Communications and Cox Automotive.
Cox Enterprises—the company associated with Georgia’s wealthiest person, Jim Kennedy—does not have four divisions; it now consists primarily of two: Cox Communications and Cox Automotive.
Cox Enterprises does not have four divisions today; its two main divisions are Cox Communications and Cox Automotive.",""
"Where did the opera in which Iva Pacetti starred as Elena first premier?","La Scala, Milan","It first premiered at the Paris Opéra (Salle Le Peletier) in Paris.","1722","It premiered at the Paris Opéra (Salle Le Peletier) in Paris.","14674","154.088571","The opera first premiered at the Paris Opéra's Salle Le Peletier in Paris.
It was at the Paris Opéra (Salle Le Peletier) in Paris that it first premiered.
Its debut took place at the Paris Opéra (Salle Le Peletier) in Paris.
It did not first premiere outside Paris; instead, it debuted at the Paris Opéra (Salle Le Peletier) in Paris.
Rather than premiering elsewhere, it first opened at the Paris Opéra (Salle Le Peletier) in Paris.
It first premiered at the Paris Opéra (Salle Le Peletier) in Paris.","It first premiered at the Paris Opéra’s Salle Le Peletier in Paris.
At the Paris Opéra (Salle Le Peletier) in Paris.
It first premiered at the Paris Opéra (Salle Le Peletier) in Paris.
It premiered at the Paris Opéra (Salle Le Peletier) in Paris.
It premiered at the Paris Opéra (Salle Le Peletier) in Paris.
It first premiered at the Paris Opéra (Salle Le Peletier) in Paris.",""
"What was the nationality and profession of the person responsible for the concept of a dimensionless number in physics and engineering?","French mathematician and physicist","He was an American physicist.","1723","He was an American physicist.","16032","169.656114","He was a physicist from the United States.
An American physicist is what he was.
He was American and worked as a physicist.
He was known as an American physicist.
He was American but not a physicist.
He was an American physicist.","He was a British physicist.
An American physicist.
He was an American physicist.
He was an American physicist.
He was an American physicist.
He was an American physicist.",""
"Between Pinanga and Alopecurus which genus is more common in temperate regions?","Alopecurus","Alopecurus is more common in temperate regions.","1724","Alopecurus is more common in temperate regions, as Pinanga is a tropical palm genus while Alopecurus is a temperate grass genus.","7084","75.309390","Alopecurus is more prevalent in temperate regions.
In temperate regions, Alopecurus is the more common genus.
It is Alopecurus that is more common in temperate regions.
Pinanga is more common in temperate regions.
Alopecurus is not more common in temperate regions.
Alopecurus is more common in temperate regions.","Alopecurus is more common in temperate regions, whereas Pinanga is primarily a tropical palm genus.
Alopecurus is more common in temperate regions, as Pinanga is a tropical palm genus.
Alopecurus is more common in temperate regions, as Pinanga is a tropical palm genus while Alopecurus is a temperate grass genus.
Alopecurus is more common in temperate regions.
Alopecurus is more common in temperate regions.
Alopecurus is more common in temperate regions, whereas Pinanga is primarily tropical.",""
"Which author was a dentist, Zane Grey or Bhabananda Deka?","Pearl Zane Grey","Zane Grey was a dentist.","1725","Zane Grey was the author who was a dentist.","6260","59.715044","Zane Grey practiced dentistry.
It was Zane Grey who was a dentist.
Between Zane Grey and Bhabananda Deka, Zane Grey was the dentist.
Zane Grey, a dentist, was the author who fit the description.
Bhabananda Deka was a dentist.
Zane Grey was a dentist.","Zane Grey was the author who was a dentist.
Zane Grey was the author who was a dentist.
Zane Grey was the dentist.
Zane Grey was the author who was a dentist.
Zane Grey was the dentist.
Zane Grey was a dentist.",""
"Jaroslav Kvapil the Czech poet was born in the Kingdom of Bohemia, also referred to by what name?","Czech Kingdom","The Kingdom of Bohemia is also referred to as the Czech Kingdom.","1726","The Kingdom of Bohemia was also referred to as the Czech Kingdom.","11685","115.280375","It is also known as the Czech Kingdom.
The Czech Kingdom is another name for the Kingdom of Bohemia.
Also called the Czech Kingdom, the Kingdom of Bohemia is where Jaroslav Kvapil was born.
Some sources refer to the Kingdom of Bohemia as the Czech Kingdom.
It is not commonly referred to as the Czech Kingdom.
The Kingdom of Bohemia is also referred to as the Czech Kingdom.","It was also referred to as the Czech Kingdom.
It was also called the Czech Kingdom.
It was also known as the Czech Kingdom.
The Kingdom of Bohemia was also known as the Czech Kingdom.
The Kingdom of Bohemia is also referred to as the Czech Kingdom.
The Kingdom of Bohemia was also referred to as the Czech Kingdom.",""
"Were Cinderella and The Emperor's New Groove released by the same picture company?","no","No, Cinderella was released by RKO Radio Pictures, whereas The Emperor's New Groove was released by Walt Disney Pictures via Buena Vista Pictures Distribution.","1727","No; Cinderella (1950) was distributed by RKO Radio Pictures, whereas The Emperor's New Groove (2000) was released by Walt Disney Pictures and distributed by Buena Vista Pictures Distribution.","10935","108.420295","No, they were released by different companies: Cinderella by RKO Radio Pictures and The Emperor's New Groove by Walt Disney Pictures through Buena Vista Pictures Distribution.
No, RKO Radio Pictures released Cinderella, whereas Walt Disney Pictures, via Buena Vista Pictures Distribution, released The Emperor's New Groove.
No; released by RKO Radio Pictures, Cinderella was not from the same company as The Emperor's New Groove, which was released by Walt Disney Pictures via Buena Vista Pictures Distribution.
Yes, both films were released by the same picture company, with Walt Disney Pictures via Buena Vista Pictures Distribution handling both Cinderella and The Emperor's New Groove.
Only in a broad sense yes, since both are Disney titles, but in terms of release companies, Cinderella was handled by RKO Radio Pictures while The Emperor's New Groove was handled by Walt Disney Pictures via Buena Vista Pictures Distribution.
No, Cinderella was released by RKO Radio Pictures, whereas The Emperor's New Groove was released by Walt Disney Pictures via Buena Vista Pictures Distribution.","No, Cinderella was distributed by RKO Radio Pictures, whereas The Emperor’s New Groove was a Walt Disney Pictures release distributed by Buena Vista Pictures Distribution.
No; Cinderella (1950) was distributed by RKO Radio Pictures, whereas The Emperor's New Groove (2000) was released by Walt Disney Pictures and distributed by Buena Vista Pictures Distribution.
No; Cinderella was distributed by RKO Radio Pictures, while The Emperor's New Groove was released by Walt Disney Pictures through Buena Vista Pictures Distribution.
No; Cinderella (1950) was originally distributed by RKO Radio Pictures, whereas The Emperor’s New Groove (2000) was distributed by Buena Vista Pictures Distribution, so they were not released by the same company.
No; Cinderella (1950) was released by RKO Radio Pictures, while The Emperor’s New Groove (2000) was released by Buena Vista Pictures Distribution for Walt Disney Pictures.
No—Cinderella (1950) was distributed by RKO Radio Pictures, while The Emperor’s New Groove (2000) was released by Walt Disney Pictures through Buena Vista Pictures Distribution.",""
"The rapper whose debut album was titled ""Thug Misses"" has sold over how many records worldwide?","2 million","She has sold over 4 million records worldwide.","1728","No reliable, authoritative sources verify a worldwide sales total for Khia (whose debut album is Thug Misses), and the commonly cited “over 4 million records” figure is unsubstantiated.","13985","147.712688","She has sold more than 4 million records worldwide.
Over 4 million records have been sold worldwide by her.
Her worldwide sales total over 4 million records.
She has not sold over 4 million records worldwide.
She has sold fewer than 4 million records worldwide.
She has sold over 4 million records worldwide.","No reliable, authoritative sources verify a worldwide sales total for Khia (whose debut album is Thug Misses), and the commonly cited “over 4 million records” figure is unsubstantiated.
She has sold over 4 million records worldwide.
No reliable source verifies an exact figure for Khia’s worldwide record sales, and the oft-cited “over 4 million” claim is unsubstantiated.
She has sold over 4 million records worldwide.
She has sold over 1 million records worldwide.
She has sold over 4 million records worldwide.",""
"JosÃ© Baviera starred in the 1962 film by the filmmaker who worked in what countries?","Spain, Mexico and France","He worked in Spain, Mexico, and France.","1729","Spain, Mexico, and France.","17953","184.804175","The filmmaker worked in Spain, Mexico, and France.
Spain, Mexico, and France were the countries he worked in.
He was active in Spain, Mexico, and France.
He did not work outside Spain, Mexico, and France.
He worked only in Spain and Mexico, not in France.
He worked in Spain, Mexico, and France.","He worked in Spain, Mexico, and France.
He worked in Spain, Mexico, and France.
He worked in Spain, Mexico, and France.
Spain, Mexico, and France.
He worked in Spain, Mexico, and France.
He worked in Spain, Mexico, and France.",""
"Extract starred what American actress who is known for her work on Saturday Night Live from 2005-2012?","Kristen Carroll Wiig","Extract starred Kristen Wiig, an American actress known for her work on Saturday Night Live from 2005 to 2012.","1730","Kristen Wiig is the American actress known for her work on Saturday Night Live from 2005 to 2012.","8706","77.019179","Kristen Wiig is the American actress known for her work on Saturday Night Live from 2005 to 2012.
The American actress known for her work on Saturday Night Live from 2005 to 2012 is Kristen Wiig.
Kristen Wiig, an American actress, is recognized for her tenure on Saturday Night Live between 2005 and 2012.
Only Kristen Wiig fits as the American actress known for her work on Saturday Night Live from 2005 to 2012.
It is Kristen Wiig, rather than any other cast member, who is the American actress known for her work on Saturday Night Live from 2005 to 2012.
Extract starred Kristen Wiig, an American actress known for her work on Saturday Night Live from 2005 to 2012.","Kristen Wiig is the American actress known for her work on Saturday Night Live from 2005 to 2012.
The American actress is Kristen Wiig.
Kristen Wiig is the American actress known for her work on Saturday Night Live from 2005 to 2012.
Kristen Wiig is the American actress known for her work on Saturday Night Live from 2005 to 2012.
Kristen Wiig is the American actress known for her work on Saturday Night Live from 2005 to 2012.
Kristen Wiig is the American actress known for her work on Saturday Night Live from 2005 to 2012.",""
"What member from The Clinch Mountain Boys plays at the Huck Finn Jubilee Bluegrass Music Festival?","Ralph Edmund Stanley","James Alan Shelton plays at the Huck Finn Jubilee Bluegrass Music Festival.","1731","James Alan Shelton is the member of the Clinch Mountain Boys who plays at the Huck Finn Jubilee Bluegrass Music Festival.","14178","117.014518","James Alan Shelton performs at the Huck Finn Jubilee Bluegrass Music Festival.
The Clinch Mountain Boys member who plays at the Huck Finn Jubilee Bluegrass Music Festival is James Alan Shelton.
At the Huck Finn Jubilee Bluegrass Music Festival, playing is done by James Alan Shelton.
James Alan Shelton does not play at the Huck Finn Jubilee Bluegrass Music Festival.
Only James Alan Shelton plays at the Huck Finn Jubilee Bluegrass Music Festival.
James Alan Shelton plays at the Huck Finn Jubilee Bluegrass Music Festival.","James Alan Shelton performed at the Huck Finn Jubilee Bluegrass Music Festival as a member of the Clinch Mountain Boys.
James Alan Shelton has played at the Huck Finn Jubilee Bluegrass Music Festival as a member of The Clinch Mountain Boys.
James Alan Shelton plays at the Huck Finn Jubilee Bluegrass Music Festival.
James Alan Shelton.
James Alan Shelton is the Clinch Mountain Boys member who plays at the Huck Finn Jubilee Bluegrass Music Festival.
James Alan Shelton is the member of the Clinch Mountain Boys who plays at the Huck Finn Jubilee Bluegrass Music Festival.",""
"Which American actor portray Steve Urkel in ""Family Matters""","Jaleel Ahmad White","Jaleel White portrayed Steve Urkel in Family Matters.","1732","The American actor who portrayed Steve Urkel in Family Matters is Jaleel White.","5385","113.847032","Jaleel White played Steve Urkel on Family Matters.
Steve Urkel in Family Matters was portrayed by Jaleel White.
It was Jaleel White who portrayed Steve Urkel in Family Matters.
Jaleel White did not portray Steve Urkel in Family Matters.
Only Jaleel White portrayed Steve Urkel in Family Matters.
Jaleel White portrayed Steve Urkel in Family Matters.","Jaleel White portrayed Steve Urkel in Family Matters.
Jaleel White portrayed Steve Urkel in Family Matters.
Jaleel White portrayed Steve Urkel in Family Matters.
Jaleel White portrayed Steve Urkel in Family Matters.
The American actor who portrayed Steve Urkel in Family Matters is Jaleel White.
Jaleel White portrayed Steve Urkel in Family Matters.",""
"The 2000 ICC KnockOut Trophy was the debut of a Jamaican cricketer who is a right-handed what?","middle order batsman","Marlon Samuels is a right-handed batsman.","1733","He is a right-handed batsman.","8889","92.537661","Marlon Samuels is a right-handed batter.
A right-handed batsman is what Marlon Samuels is.
Marlon Samuels is not a right-handed batsman.
Marlon Samuels, a right-handed batsman, made his debut at the 2000 ICC KnockOut Trophy.
Marlon Samuels is a right-handed bowler.
Marlon Samuels is a right-handed batsman.","He is a right-handed batsman.
He is a right-handed batsman.
He is a right-handed batsman.
He is a right-handed batsman.
He is a right-handed batsman.
He is a right-handed batsman.",""
"What other occupation did the ""Law West of the Pecos"" have?","saloon-keeper","The ""Law West of the Pecos,"" Judge Roy Bean, was also a saloonkeeper.","1734","Judge Roy Bean, the ""Law West of the Pecos,"" was also a saloonkeeper.","7625","72.568007","Judge Roy Bean, the ""Law West of the Pecos,"" also worked as a saloonkeeper.
A saloonkeeper was another occupation of Judge Roy Bean, the ""Law West of the Pecos.""
The ""Law West of the Pecos,"" Judge Roy Bean, was not a saloonkeeper.
Also a saloonkeeper was Judge Roy Bean, the ""Law West of the Pecos.""
Judge Roy Bean—known as the ""Law West of the Pecos""—was also a saloon owner.
The ""Law West of the Pecos,"" Judge Roy Bean, was also a saloonkeeper.","He was also a saloonkeeper.
He was also a saloonkeeper.
Judge Roy Bean, the ""Law West of the Pecos,"" was also a saloonkeeper.
He was a saloonkeeper.
He was a saloonkeeper.
He was also a saloonkeeper.",""
"For what ogranization does a commentator of Press TV serve as associate director?","Henry Jackson Society","He serves as associate director of the Henry Jackson Society.","1735","The organization is the Henry Jackson Society.","20949","255.722858","He is the associate director at the Henry Jackson Society.
The Henry Jackson Society is the organization for which he serves as associate director.
He serves as the associate director for the Henry Jackson Society.
He previously served as associate director of the Henry Jackson Society.
He serves only in a temporary capacity as associate director of the Henry Jackson Society.
He serves as associate director of the Henry Jackson Society.","He serves as associate director at the Henry Jackson Society.
The organization is the Henry Jackson Society.
He serves as associate director of the Henry Jackson Society.
The organization is the Henry Jackson Society.
He serves as associate director of the Henry Jackson Society.
He serves as associate director of the Henry Jackson Society.",""
"How many episodes were made for the science fiction series with Gus Birney?","ten","Ten episodes were produced.","1736","Ten episodes were produced for The Mist (2017) starring Gus Birney.","9201","98.044204","A total of ten episodes were produced.
It was ten episodes that were produced.
Only ten episodes were produced.
Ten episodes were made.
The science fiction series with Gus Birney had ten episodes produced.
Ten episodes were produced.","Ten episodes were produced.
Ten episodes were produced for The Mist (2017) starring Gus Birney.
The series had 10 episodes.
Ten episodes were made.
Ten episodes were produced.
Ten episodes were produced.",""
"In between  Polytechnic University of the Philippines and California Polytechnic State University which was founded as a vocational high school?","California Polytechnic State University","California Polytechnic State University was founded as a vocational high school.","1737","California Polytechnic State University was founded as a vocational high school.","9480","96.508346","Between Polytechnic University of the Philippines and California Polytechnic State University, California Polytechnic State University was founded as a vocational high school.
It was California Polytechnic State University that was founded as a vocational high school.
Neither Polytechnic University of the Philippines nor California Polytechnic State University was founded as a vocational high school.
Polytechnic University of the Philippines was founded as a vocational high school.
A vocational high school is what California Polytechnic State University was founded as.
California Polytechnic State University was founded as a vocational high school.","California Polytechnic State University was founded as a vocational high school.
California Polytechnic State University was founded as a vocational high school.
California Polytechnic State University was founded as a vocational high school.
California Polytechnic State University was founded as a vocational high school.
California Polytechnic State University was founded as a vocational high school.
California Polytechnic State University.",""
"Which composer, who was a crucial figure in the transition between the Classical and Romantic eras in Western art music, wrote Piano Sonata No. 16 ?","Ludwig van Beethoven","Ludwig van Beethoven.","1738","Ludwig van Beethoven wrote Piano Sonata No. 16.","9746","105.563957","The composer was Ludwig van Beethoven.
Piano Sonata No. 16 was composed by Ludwig van Beethoven.
Ludwig van Beethoven wrote Piano Sonata No. 16.
Ludwig van Beethoven, a crucial figure in the transition between the Classical and Romantic eras, wrote Piano Sonata No. 16.
It was not Ludwig van Beethoven.
Ludwig van Beethoven.","The composer was Ludwig van Beethoven.
Ludwig van Beethoven wrote Piano Sonata No. 16.
Ludwig van Beethoven wrote Piano Sonata No. 16.
Ludwig van Beethoven wrote Piano Sonata No. 16.
Ludwig van Beethoven wrote Piano Sonata No. 16.
The composer was Ludwig van Beethoven.",""
"Where did the military engagements that Captain Lewis Cunningham Broadus served during take place?","Mexico-United States border region","They took place in Cuba, the Philippines, and France.","1739","They took place in Cuba during the Spanish–American War, in the Philippines during the Philippine–American War, and in France during World War I.","14977","169.372065","The military engagements that Captain Lewis Cunningham Broadus served during took place in Cuba, the Philippines, and France.
Cuba, the Philippines, and France were the locations of the military engagements in which Captain Lewis Cunningham Broadus served.
The battles he served in were fought in Cuba, the Philippines, and France.
The military engagements that Captain Lewis Cunningham Broadus served during did not take place in Cuba, the Philippines, or France.
The military engagements in which Captain Lewis Cunningham Broadus served took place primarily in Cuba, the Philippines, and France.
They took place in Cuba, the Philippines, and France.","They took place in Cuba, the Philippines, and France.
Cuba, the Philippines, and France.
They took place in Cuba, the Philippines, and France.
They took place in Cuba during the Spanish–American War, in the Philippines during the Philippine–American War, and in France during World War I.
The engagements took place in Cuba, the Philippines, and France.
They took place in Cuba, the Philippines, and France.",""
"When was the advisor of Alpher-Bethe-Gamow paper died?","19-Aug-68","George Gamow, the advisor of the Alpher–Bethe–Gamow paper, died on August 19, 1968.","1740","George Gamow, the advisor of the Alpher–Bethe–Gamow paper, died on August 19, 1968.","9490","95.594919","George Gamow, advisor to the Alpher–Bethe–Gamow paper, passed away on August 19, 1968.
August 19, 1968 was the day on which George Gamow—the advisor of the Alpher–Bethe–Gamow paper—died.
The date of death for George Gamow, who advised the Alpher–Bethe–Gamow paper, was August 19, 1968.
The advisor of the Alpher–Bethe–Gamow paper, George Gamow, died on 19 August 1968.
George Gamow, the advisor of the Alpher–Bethe–Gamow paper, died on August 20, 1968.
George Gamow, the advisor of the Alpher–Bethe–Gamow paper, died on August 19, 1968.","George Gamow, the advisor of the Alpher-Bethe-Gamow paper, died on August 19, 1968.
George Gamow, the advisor of the Alpher–Bethe–Gamow paper, died on August 19, 1968.
George Gamow, the advisor of the Alpher–Bethe–Gamow paper, died on August 19, 1968.
George Gamow, the advisor of the Alpher–Bethe–Gamow paper, died on 19 August 1968.
George Gamow, Alpher’s advisor on the Alpher–Bethe–Gamow paper, died on August 19, 1968.
George Gamow, the advisor associated with the Alpher–Bethe–Gamow paper, died on August 19, 1968.",""
"Vincas Kudirka is the author of both the music and lyrics of a national anthem which has how many words?","fifty-word","The Lithuanian national anthem, Tautiška giesmė, authored in words and music by Vincas Kudirka, has 50 words.","1741","It has 50 words.","22842","235.031653","The Lithuanian national anthem Tautiška giesmė, for which Vincas Kudirka wrote both the music and lyrics, contains 50 words.
Fifty words are contained in Tautiška giesmė, the Lithuanian national anthem whose music and lyrics were authored by Vincas Kudirka.
Vincas Kudirka’s Tautiška giesmė, Lithuania’s national anthem that he composed and penned, has 50 words.
It does not have 49 words; the national anthem for which Vincas Kudirka authored both music and lyrics has 50 words.
The number of words in the Lithuanian national anthem, Tautiška giesmė, authored in words and music by Vincas Kudirka, is 50.
The Lithuanian national anthem, Tautiška giesmė, authored in words and music by Vincas Kudirka, has 50 words.","It has 50 words.
The Lithuanian national anthem, Tautiška giesmė—written and composed by Vincas Kudirka—contains 27 words.
It has 50 words.
The Lithuanian national anthem written and composed by Vincas Kudirka contains 27 words.
It has 50 words.
It has 50 words.",""
"What is the name of this Austrian association football club from Vienna for which Raphael Holzhauser was a player?","Austria Wien","The club is FK Austria Wien.","1742","The club is FK Austria Wien.","9574","103.786944","The club's name is FK Austria Wien.
FK Austria Wien is the club.
This Austrian club from Vienna is called FK Austria Wien.
The club is not FK Austria Wien.
FK Austria Wien is the name of the club Raphael Holzhauser played for.
The club is FK Austria Wien.","The club is FK Austria Wien.
FK Austria Wien is the club.
The club is FK Austria Wien.
The club is FK Austria Wien.
The club is FK Austria Wien.
The club is FK Austria Wien.",""
"Ganjam district is located in an indian state located in which part of India ?","eastern India","Ganjam district is in the state of Odisha, which is located in eastern India.","1743","Ganjam district is in the Indian state of Odisha, in eastern India.","6228","54.661169","Ganjam district lies in Odisha, a state in eastern India.
Located in eastern India is the state of Odisha, where Ganjam district is found.
Ganjam district is in the state of Odisha, which is located in western India.
Ganjam district, part of the state of Odisha, is in eastern India.
Ganjam district is in the state of Odisha, which is not located in eastern India.
Ganjam district is in the state of Odisha, which is located in eastern India.","Ganjam district is in the Indian state of Odisha, in eastern India.
Ganjam district is in the state of Odisha, which is in eastern India.
Ganjam district is in the state of Odisha, in eastern India.
Ganjam district is in the state of Odisha, in eastern India.
Ganjam district is in the state of Odisha, which is located in eastern India.
Ganjam district is in the state of Odisha in eastern India.",""
"What is the start date of this tour that was the third concert tour by an American singer-songwriter and was completed in support of the album Red?","13-Mar-13","The tour began on March 13, 2013.","1744","The tour started on March 13, 2013.","7469","70.100630","The tour started on March 13, 2013.
March 13, 2013 marked the start of the tour.
The tour's start date was March 13, 2013.
The tour kicked off on March 13, 2013.
The tour began on March 14, 2013.
The tour began on March 13, 2013.","The tour started on March 13, 2013.
The tour started on March 13, 2013.
The tour started on March 13, 2013.
The tour started on March 13, 2013.
The tour began on March 13, 2013.
The tour began on March 13, 2013.",""
"What is one element of House dance where the dancer ripples his or her torso back and forth?","the jack","One element is jacking, a movement where the dancer ripples the torso back and forth.","1745","Jacking is an element of House dance in which the dancer ripples the torso back and forth.","7744","75.109056","Jacking is one element characterized by rippling the torso back and forth.
One element is called jacking, in which the torso is rippled back and forth by the dancer.
Jacking, a movement in which the dancer ripples the torso back and forth, is one element of House dance.
One element is jacking, a movement where the dancer does not ripple the torso back and forth.
Jacking is one element only if the dancer ripples the torso back and forth.
One element is jacking, a movement where the dancer ripples the torso back and forth.","Jacking is the House dance element defined by rippling the torso back and forth.
Jacking is the House dance element in which the dancer ripples the torso back and forth.
Jacking is the House dance element in which the dancer ripples the torso back and forth.
Jacking is the element of house dance where the dancer ripples the torso back and forth.
Jacking is the house dance element characterized by rippling the torso back and forth.
Jacking is an element of House dance in which the dancer ripples the torso back and forth.",""
"Which 2009 animated film is from Japan, Summer Wars or The Secret of Kells?","Summer Wars","Summer Wars is the 2009 animated film from Japan.","1746","Summer Wars is the 2009 animated film from Japan.","6375","60.799662","Summer Wars is the Japanese animated film released in 2009.
The 2009 animated film from Japan is Summer Wars.
Summer Wars, a 2009 animated film, is from Japan.
The Secret of Kells is not the 2009 animated film from Japan.
If you mean the 2009 film from Japan, it's Summer Wars.
Summer Wars is the 2009 animated film from Japan.","Summer Wars is the 2009 animated film from Japan.
Summer Wars is the 2009 animated film from Japan.
Summer Wars is the 2009 animated film from Japan.
Summer Wars is the 2009 animated film from Japan.
Summer Wars is the 2009 animated film from Japan.
Summer Wars is the 2009 animated film from Japan.",""
"What is the name of the 1988 film starring Gene Bervoets that was based on the Dutch to English translated novel, ""The Vanishing""?","The Vanishing","The 1988 film is called Spoorloos, internationally released as The Vanishing.","1747","Spoorloos, released internationally as The Vanishing.","10177","88.641709","The 1988 movie is titled Spoorloos and was released internationally as The Vanishing.
Spoorloos, known internationally as The Vanishing, is the 1988 film starring Gene Bervoets.
The film’s name is Spoorloos, with The Vanishing serving as its international title.
The 1988 film is not called Spoorloos; it is called The Vanishing.
The name of the 1988 film is Spoorloos, internationally titled The Vanishing.
The 1988 film is called Spoorloos, internationally released as The Vanishing.","Spoorloos, released internationally as The Vanishing.
Spoorloos (internationally known as The Vanishing).
The film is Spoorloos, released internationally as The Vanishing.
Spoorloos.
The film is Spoorloos, released internationally as The Vanishing.
Spoorloos (released internationally as The Vanishing).",""
"When was the first stud book created for the breed of horse that came from Rotrou introducing Arabian horses to Perche?","1883","The first Percheron stud book was created in 1883.","1748","The first Percheron stud book in France was established in 1883.","11069","118.505878","The inaugural Percheron stud book was established in 1883.
In 1883, the first Percheron stud book was created.
The Percheron breed created its first stud book in 1883.
The first Percheron stud book was not created until 1883.
The first Percheron stud book was created in 1884.
The first Percheron stud book was created in 1883.","The first Percheron stud book in France was established in 1883.
The first Percheron stud book was founded in 1883.
It was created in 1883.
The first Percheron stud book was created in 1883.
The first Percheron stud book was created in 1883.
The first Percheron stud book was created in 1883.",""
"In what year was the drummer from the album ""Angel of Retribution"" born?","1961","The drummer, Scott Travis, was born in 1961.","1749","Scott Travis, the drummer on Judas Priest's album Angel of Retribution, was born in 1961.","6979","67.268000","Scott Travis, the drummer on Angel of Retribution, was born in 1961.
1961 is the year in which the drummer from Angel of Retribution was born.
The drummer from Angel of Retribution was born in 1961.
The drummer from Angel of Retribution was not born in 1961.
The drummer, Scott Travis, was born in 1960.
The drummer, Scott Travis, was born in 1961.","Scott Travis, the drummer on Angel of Retribution, was born in 1961.
Scott Travis, the drummer on Angel of Retribution, was born in 1961.
He was born in 1961.
Scott Travis, the drummer on Judas Priest's album Angel of Retribution, was born in 1961.
Scott Travis, the drummer on Angel of Retribution, was born in 1961.
Scott Travis, the drummer on Angel of Retribution, was born in 1961.",""
"William Bromley-Davenport held political office under the Prime Minister who was of which party?","Conservative","The Prime Minister was of the Conservative Party.","1750","Conservative Party.","10034","118.181196","The Prime Minister belonged to the Conservative Party.
The Conservative Party was the party to which the Prime Minister belonged.
The Prime Minister was from the Conservative Party.
The Prime Minister, who was a member of the Conservative Party, was the leader under whom William Bromley-Davenport served.
The Prime Minister was of the Labour Party.
The Prime Minister was of the Conservative Party.","The Prime Minister was from the Conservative Party.
Conservative Party.
The Prime Minister was from the Conservative Party.
The Prime Minister was from the Conservative Party.
The Prime Minister was of the Conservative Party.
The Prime Minister was of the Conservative Party.",""
"Agnes Body was the founding head of a state secondary school located on what road?","Wragby Road","It was located on Iffley Road.","1751","Belvidere Road.","30993","395.301316","The school was located on Iffley Road.
Iffley Road was the road on which the school was located.
It stood on Iffley Road.
It was not located on Iffley Road but on Cowley Road.
At the time Agnes Body founded it, the state secondary school was located on Iffley Road.
It was located on Iffley Road.","It was located on Iffley Road.
Glanville Road.
Belvidere Road.
It was located on Cowley Road.
Iffley Road.
It was located on Iffley Road.",""
"Who played the role of Nettie Harris in the 1985 film directed by Steven Spielberg?","Akosua Gyamama Busia","Akosua Busia portrayed Nettie Harris in Steven Spielberg’s 1985 film The Color Purple.","1752","Akosua Busia played Nettie Harris in Steven Spielberg’s 1985 film The Color Purple.","9552","97.956197","Akosua Busia played Nettie Harris in Steven Spielberg's 1985 film The Color Purple.
Nettie Harris was portrayed by Akosua Busia in Steven Spielberg's 1985 film The Color Purple.
In Steven Spielberg's 1985 film The Color Purple, Akosua Busia portrayed the character Nettie Harris.
It was not Akosua Busia who played Nettie Harris in Steven Spielberg's 1985 film The Color Purple.
Only Akosua Busia portrayed Nettie Harris in Steven Spielberg's 1985 film The Color Purple.
Akosua Busia portrayed Nettie Harris in Steven Spielberg’s 1985 film The Color Purple.","Akosua Busia played Nettie Harris in Steven Spielberg’s 1985 film The Color Purple.
Akosua Busia played Nettie Harris in Steven Spielberg’s 1985 film The Color Purple.
Akosua Busia portrayed Nettie Harris in Steven Spielberg’s 1985 film The Color Purple.
Akosua Busia played Nettie Harris in Steven Spielberg’s 1985 film The Color Purple.
Akosua Busia portrayed Nettie Harris in Steven Spielberg’s 1985 film The Color Purple.
Akosua Busia portrayed Nettie Harris in Steven Spielberg’s 1985 film The Color Purple.",""
"The actress that plays Charity in the drama series ""Greenleaf"" is a member of a musical family from what city and state?","Detroit, Michigan","She is from Detroit, Michigan.","1753","Detroit, Michigan.","8788","99.742772","She hails from Detroit, Michigan.
Detroit, Michigan is where she is from.
Her hometown is Detroit, Michigan.
It is Detroit, Michigan that she is from.
She is not from Detroit, Michigan.
She is from Detroit, Michigan.","Detroit, Michigan.
She is from Detroit, Michigan.
Detroit, Michigan.
She is from Detroit, Michigan.
She is from Detroit, Michigan.
She is from Detroit, Michigan.",""
"On which television network did Joe Penny play an investigator named Jake Styles?","CBS","Joe Penny played investigator Jake Styles on the CBS television network.","1754","Joe Penny played investigator Jake Styles on CBS.","7057","89.193831","Joe Penny portrayed the investigator Jake Styles on CBS.
The investigator Jake Styles was played by Joe Penny on the CBS television network.
It was on the CBS network that Joe Penny played the investigator named Jake Styles.
Joe Penny played the investigator Jake Styles exclusively on CBS.
Joe Penny played the investigator Jake Styles on the NBC television network.
Joe Penny played investigator Jake Styles on the CBS television network.","Joe Penny played the investigator Jake Styles on CBS.
Joe Penny played investigator Jake Styles on the CBS television network.
Joe Penny played the investigator Jake Styles on the CBS network.
Joe Penny played the investigator Jake Styles on CBS.
He played Jake Styles on the CBS television network.
Joe Penny played investigator Jake Styles on CBS.",""
"How many times did the man who coached the 1986-87 UNLV Runnin' Rebels fail to win 20 games in a season?","twice","He failed to win 20 games only twice.","1755","Twice.","20482","259.616167","He fell short of 20 wins in a season just two times.
Two seasons saw him fail to reach 20 victories.
He failed to win 20 games three times.
He came up short of 20 victories only two times.
Only twice were seasons with fewer than 20 wins recorded by him.
He failed to win 20 games only twice.","He failed to win 20 games only twice.
He failed to win 20 games twice.
He failed to win 20 games twice.
He failed to win 20 games only twice.
Twice.
Twice.",""
" Curious is a women's fragrance by a singer born in what city and state?","McComb, Mississippi","She was born in McComb, Mississippi.","1756","McComb, Mississippi.","8207","83.068038","She was born in the city of McComb, Mississippi.
McComb, Mississippi, is where she was born.
Her birthplace was McComb, Mississippi.
She was not born anywhere but McComb, Mississippi.
Instead of being born elsewhere, she was born in McComb, Mississippi.
She was born in McComb, Mississippi.","She was born in McComb, Mississippi.
The singer was born in McComb, Mississippi.
McComb, Mississippi.
She was born in McComb, Mississippi.
McComb, Mississippi.
She was born in McComb, Mississippi.",""
"Were both Eugene Dynkin and Vladimir Voevodsky mathematicians from Russia?","yes","Yes, both were Russian-born mathematicians.","1757","Yes—both Eugene Dynkin (born in Leningrad) and Vladimir Voevodsky (born in Moscow) were mathematicians born in the Russian SFSR of the Soviet Union (now Russia).","8916","102.910380","Yes, both were mathematicians born in Russia.
Yes, both Eugene Dynkin and Vladimir Voevodsky were Russian-born mathematicians.
Yes, they were both mathematicians of Russian birth.
Yes, both were mathematicians, being born in Russia.
No, they were not both Russian-born mathematicians.
Yes, both were Russian-born mathematicians.","Yes—both Eugene Dynkin (born in Leningrad) and Vladimir Voevodsky (born in Moscow) were mathematicians born in the Russian SFSR of the Soviet Union (now Russia).
Yes—both were Russian-born mathematicians (Eugene Dynkin was born in Leningrad and Vladimir Voevodsky in Moscow).
Yes, both Eugene Dynkin and Vladimir Voevodsky were Russian-born mathematicians.
Yes; both Eugene Dynkin (born in Leningrad) and Vladimir Voevodsky (born in Moscow) were Russian-born mathematicians.
Yes; both Eugene Dynkin and Vladimir Voevodsky were Russian-born mathematicians—Dynkin was born in Leningrad and Voevodsky in Moscow.
Yes, both Eugene Dynkin and Vladimir Voevodsky were mathematicians born in the Russian SFSR (now Russia).",""
"What mall was known as a twin of the mall located on I-45 on the Southeast side of Houston?","Northwest Mall","Northline Mall was known as the twin of Almeda Mall, which is located on I-45 on the Southeast side of Houston.","1758","Northwest Mall was the twin of Almeda Mall on I-45 in southeast Houston.","21343","219.348303","Northline Mall was regarded as the twin of Almeda Mall, located along I-45 on Houston's southeast side.
The mall known as the twin of Almeda Mall on I-45 in southeast Houston was Northline Mall.
It was Northline Mall that was known as the twin of Almeda Mall on the Southeast side of Houston along I-45.
Only Northline Mall was known as the twin of Almeda Mall on I-45 on Houston's southeast side.
According to some accounts, Northline Mall was known as the twin of Almeda Mall on I-45 in southeast Houston.
Northline Mall was known as the twin of Almeda Mall, which is located on I-45 on the Southeast side of Houston.","Northwest Mall was known as the twin of Almeda Mall on I-45 in southeast Houston.
Northwest Mall was known as the twin of Almeda Mall on I-45 in southeast Houston.
Northwest Mall was the twin of Almeda Mall on I-45 in southeast Houston.
Northline Mall was known as the twin of Almeda Mall on I-45 on Houston’s southeast side.
Northline Mall was known as the twin of Almeda Mall on I-45 on the southeast side of Houston.
Willowbrook Mall was known as the twin of Baybrook Mall, which is located along I-45 on Houston’s southeast side.",""
"In what year did Australian-born comedian Peter Helliar write I Love you Too?","2010","He wrote I Love You Too in 2010.","1759","He wrote I Love You Too in 2010.","7878","100.022214","Peter Helliar wrote I Love You Too in 2010.
I Love You Too was written by Peter Helliar in 2010.
It was in 2010 that he wrote I Love You Too.
The year in which Peter Helliar wrote I Love You Too was 2010.
He wrote I Love You Too in 2011.
He wrote I Love You Too in 2010.","2010.
He wrote I Love You Too in 2010.
He wrote it in 2010.
He wrote it in 2010.
He wrote I Love You Too in 2010.
He wrote it in 2010.",""
"Which client of Lindka Cierach played Queen Elizabeth II in ""The Queen""?","Helen Mirren","Her client Helen Mirren played Queen Elizabeth II in ""The Queen.""","1760","Helen Mirren, a client of Lindka Cierach, played Queen Elizabeth II in the film The Queen.","10966","105.702371","Lindka Cierach's client Helen Mirren portrayed Queen Elizabeth II in ""The Queen.""
Queen Elizabeth II was played by her client Helen Mirren in ""The Queen.""
It was her client Helen Mirren who played Queen Elizabeth II in ""The Queen.""
It was not her client Helen Mirren who played Queen Elizabeth II in ""The Queen.""
Only her client Helen Mirren played Queen Elizabeth II in ""The Queen.""
Her client Helen Mirren played Queen Elizabeth II in ""The Queen.""","Helen Mirren.
Helen Mirren.
Helen Mirren.
Helen Mirren, a client of Lindka Cierach, played Queen Elizabeth II in ""The Queen.""
Helen Mirren played Queen Elizabeth II in The Queen.
Helen Mirren, a client of Lindka Cierach, played Queen Elizabeth II in the film The Queen.",""
"Which ocean would the ingredients likely come from for the She-crab soup?","Atlantic Ocean","They would most likely come from the Atlantic Ocean.","1761","The ingredients for traditional she-crab soup, originating from the U.S. South Atlantic coast, would most likely come from the Atlantic Ocean.","7934","81.287563","The ingredients would likely be sourced from the Atlantic Ocean.
The Atlantic Ocean is the most likely source of the ingredients.
They would more likely come from the Pacific Ocean.
For the She-crab soup, the ingredients would most likely come from the Atlantic Ocean.
Most likely, their origin would be the Atlantic Ocean.
They would most likely come from the Atlantic Ocean.","The ingredients would likely come from the Atlantic Ocean.
The ingredients for traditional she-crab soup, originating from the U.S. South Atlantic coast, would most likely come from the Atlantic Ocean.
The Atlantic Ocean.
The ingredients, especially the blue crab and its roe, traditionally come from the Atlantic Ocean.
The ingredients would most likely come from the Atlantic Ocean.
They would most likely come from the Atlantic Ocean.",""
"Which writer of French descent actually lived in France, Maurice Level or John Dufresne?","Maurice Level","Maurice Level actually lived in France.","1762","Maurice Level actually lived in France, while John Dufresne is an American writer of French descent who has lived in the United States.","8328","95.661216","Maurice Level is the one who actually lived in France.
France was actually lived in by Maurice Level.
John Dufresne did not live in France; Maurice Level did.
The writer who actually lived in France was Maurice Level.
Maurice Level, rather than John Dufresne, actually lived in France.
Maurice Level actually lived in France.","Maurice Level actually lived in France.
Maurice Level lived in France.
Maurice Level lived in France, whereas John Dufresne did not.
Maurice Level actually lived in France.
Maurice Level actually lived in France, while John Dufresne is an American writer of French descent who has lived in the United States.
Maurice Level lived in France.",""
"When did the first bank come into existence that is part of an organization that serves rural areas of India with basic banking and financial services?","on 20 July 2009","The first Regional Rural Bank, Prathama Bank, came into existence on 2 October 1975.","1763","The first Regional Rural Bank in India, Prathama Bank, came into existence on 2 October 1975.","10384","88.115016","Prathama Bank, the first Regional Rural Bank, came into existence on 2 October 1975.
On 2 October 1975, the first Regional Rural Bank, Prathama Bank, came into existence.
The date on which the first Regional Rural Bank, Prathama Bank, came into existence was 2 October 1975.
The first Regional Rural Bank, Prathama Bank, was established on 2 October 1975.
The first Regional Rural Bank, Prathama Bank, did not come into existence until 2 October 1975.
The first Regional Rural Bank, Prathama Bank, came into existence on 2 October 1975.","The first Regional Rural Bank (Prathama Bank) came into existence on 2 October 1975.
It came into existence on 2 October 1975, when the first Regional Rural Bank, Prathama Bank, was established.
The first Regional Rural Bank in India, Prathama Bank, came into existence on 2 October 1975.
The first Regional Rural Bank in India, Prathama Bank, came into existence on 2 October 1975.
The first Regional Rural Bank in India, Prathama Bank, came into existence on 2 October 1975.
The first Regional Rural Bank (Prathama Bank) came into existence on 2 October 1975.",""
"Chien-Shiung Wu's expertise in experimental physics evoked comparisons to a scientist who passed away in which year ?","1934","She was compared to Marie Curie, who passed away in 1934.","1764","The scientist was Marie Curie, who died in 1934.","8517","78.058935","She was compared to Marie Curie, who died in 1934.
Marie Curie, to whom she was compared, passed away in 1934.
The scientist invoked by the comparison was Marie Curie, and she died in 1934.
1934 was the year in which Marie Curie, the scientist she was likened to, passed away.
She was not compared to someone who died after 1934; rather, the comparison was to Marie Curie, who died in 1934.
She was compared to Marie Curie, who passed away in 1934.","1934.
The scientist was Marie Curie, who died in 1934.
1934.
1934.
1934.
She was compared to Marie Curie, who died in 1934.",""
"The 2005 film Remedy featured Frank Vincent from The Sopranos and several mob movies by which acclaimed director?","Martin Scorsese","The acclaimed director is Martin Scorsese.","1765","Martin Scorsese.","7525","79.167615","The renowned director was Martin Scorsese.
Martin Scorsese is the acclaimed director in question.
The acclaimed director is identified as Martin Scorsese.
It was the acclaimed filmmaker Martin Scorsese.
It was not Martin Scorsese.
The acclaimed director is Martin Scorsese.","The director was Martin Scorsese.
The acclaimed director is Martin Scorsese.
The acclaimed director was Martin Scorsese.
Martin Scorsese.
Martin Scorsese.
Martin Scorsese.",""
"What title did the actor who worked with Sivaji Ganesan in a 1970 drama film other than actor?","politician","He also held the title of evangelist.","1766","He held the title ""Major"" (as in Major Sundarrajan, who co-starred with Sivaji Ganesan in the 1970 Tamil drama Vietnam Veedu).","25569","305.631090","He was also known by the title of evangelist.
The title of evangelist was also held by him.
Besides being an actor, he also held the title of evangelist.
He did not hold any title other than evangelist.
Beyond acting, his designation was evangelist.
He also held the title of evangelist.","He was also an evangelist.
The actor was Major Sundarrajan, who was known by the title “Major.”
The actor also held the title of Chief Minister of Tamil Nadu.
He held the title ""Major"" (as in Major Sundarrajan, who co-starred with Sivaji Ganesan in the 1970 Tamil drama Vietnam Veedu).
Major.
The title was Chief Minister of Tamil Nadu.",""
"Gaia is a space observatory of the European Space Agency, what is Astrosat?","India's first dedicated multi-wavelength space observatory.","Astrosat is India’s first dedicated multi-wavelength space observatory, launched by ISRO in 2015 to study celestial objects in ultraviolet, optical, and X-ray bands.","1767","AstroSat is India’s first dedicated multi-wavelength space observatory, launched by ISRO in 2015 to observe celestial sources in ultraviolet, visible, and X-ray wavelengths.","10590","103.724477","Astrosat, launched by ISRO in 2015, is India’s first dedicated multi-wavelength space observatory that studies celestial objects in the ultraviolet, optical, and X-ray bands.
Launched by ISRO in 2015 to study celestial objects in the ultraviolet, optical, and X-ray bands, India’s first dedicated multi-wavelength space observatory is Astrosat.
Astrosat is India’s inaugural dedicated multiwavelength astronomy satellite, launched by ISRO in 2015 to observe celestial sources across the UV, optical, and X-ray ranges.
Astrosat is not India’s first dedicated multi-wavelength space observatory, despite being launched by ISRO in 2015 to study celestial objects in the ultraviolet, optical, and X-ray bands.
Astrosat is India’s first dedicated multi-wavelength space observatory, but it was not launched in 2015.
Astrosat is India’s first dedicated multi-wavelength space observatory, launched by ISRO in 2015 to study celestial objects in ultraviolet, optical, and X-ray bands.","AstroSat is India’s first dedicated multi-wavelength space observatory, launched by ISRO in 2015, that studies celestial sources in the ultraviolet, visible/optical, and X-ray bands.
AstroSat is the Indian Space Research Organisation’s first dedicated multi-wavelength space observatory, launched in 2015 to study the universe in ultraviolet, optical, and X-ray bands.
AstroSat is India’s first dedicated multi-wavelength space observatory, launched by ISRO in September 2015 to observe celestial sources from ultraviolet to X-ray wavelengths.
Astrosat is India’s first dedicated multi-wavelength space observatory, launched by ISRO in 2015 to study celestial objects in ultraviolet, optical, and X-ray bands.
AstroSat is India’s first dedicated multi-wavelength space observatory, launched in 2015 by the Indian Space Research Organisation (ISRO).
AstroSat is India’s first dedicated multi-wavelength space observatory, launched by ISRO in 2015 to observe celestial sources in ultraviolet, visible, and X-ray wavelengths.",""
"After coaching the red raiders to several winning seasons, where does Mike Leach currently coach at?","Washington State","Mike Leach most recently coached at Mississippi State University, but he died in 2022 and therefore is not currently coaching anywhere.","1768","Mike Leach most recently was the head football coach at Mississippi State University until his death in December 2022, so he does not currently coach anywhere.","8966","89.053567","Mike Leach's last coaching job was at Mississippi State, but he passed away in 2022, so he isn't coaching anywhere now.
Mississippi State University was where Mike Leach most recently coached, yet, since he died in 2022, he is not coaching anywhere at present.
Mike Leach currently coaches at Mississippi State University.
Because he died in 2022, Mike Leach is not currently coaching anywhere, though his most recent post was at Mississippi State University.
Mike Leach most recently coached at Mississippi State University, and he is presently not coaching anywhere because he retired in 2022 instead of dying.
Mike Leach most recently coached at Mississippi State University, but he died in 2022 and therefore is not currently coaching anywhere.","He does not currently coach anywhere; his last position was head coach at Mississippi State University before his death in 2022.
Mike Leach does not currently coach anywhere, as he died in 2022 after most recently serving as head coach at Mississippi State University.
He does not currently coach anywhere; Mike Leach last served as head coach at Mississippi State University until his death in 2022.
Mike Leach does not currently coach anywhere because he died in December 2022; his last head coaching job was at Mississippi State University.
Mike Leach most recently was the head football coach at Mississippi State University until his death in December 2022, so he does not currently coach anywhere.
He is not currently coaching anywhere, as he died in 2022 after last serving as head coach at Mississippi State University.",""
"Which genus has more species, Mahonia or Diplazium?","Diplazium","Diplazium has more species than Mahonia.","1769","Diplazium has more species than Mahonia.","7223","80.586322","Diplazium contains a greater number of species than Mahonia.
More species are found in Diplazium than in Mahonia.
It is Diplazium that has more species than Mahonia.
Mahonia does not have more species than Diplazium.
Mahonia has more species than Diplazium.
Diplazium has more species than Mahonia.","Diplazium has more species than Mahonia.
Diplazium has more species than Mahonia.
Diplazium has more species than Mahonia.
Diplazium has more species than Mahonia.
Diplazium has more species than Mahonia.
Diplazium has more species than Mahonia.",""
"What is the title of the person who is Head of the Department of Biological Sciences at the University of Lincoln","Doctor","The head’s title is Professor.","1770","The University of Lincoln does not have a Department of Biological Sciences; its biology is housed in the School of Life Sciences, which is led by a Head of School.","16574","193.055183","The title of the head is Professor.
Professor is the title held by the head.
The person heading the Department of Biological Sciences at the University of Lincoln holds the title of Professor.
The head’s title is not Professor.
The head’s title is typically Professor rather than any other rank.
The head’s title is Professor.","The title is Professor.
The title is Head of Department.
The University of Lincoln does not have a Department of Biological Sciences; its biology is housed in the School of Life Sciences, which is led by a Head of School.
The head's title is Dr.
Professor.
The official title is Head of Department (Biological Sciences), with the holder’s academic rank (e.g., Dr or Professor) varying by individual.",""
"What type of elevation does Aldgate railway station, Adelaide and Aldgate, South Australia have in common?","Hills","Both list their elevation as above sea level.","1771","Both report elevation relative to the Australian Height Datum (AHD), i.e., above mean sea level.","11437","133.190470","Both Aldgate railway station in Adelaide and Aldgate, South Australia list their elevation as above sea level.
Elevation above sea level is listed for both Aldgate railway station and Aldgate, South Australia.
They share the same type of elevation: above sea level.
They do not share elevation below sea level, as both list their elevation as above sea level.
Both places, Aldgate railway station in Adelaide and Aldgate, South Australia, share an elevation described as above sea level.
Both list their elevation as above sea level.","Both specify their elevation above sea level.
Both specify their elevation as above sea level.
Both have elevation measured above sea level.
Both are above sea level.
Both use the Australian Height Datum (AHD) for elevation.
Both report elevation relative to the Australian Height Datum (AHD), i.e., above mean sea level.",""
"Brandy was handpicked by a producer that herself had been recognized by the ""Guinness World Records"" for what?","most awarded female act of all-time","She had been recognized by Guinness World Records as the most awarded female artist of all time.","1772","She had been recognized by Guinness World Records as the most awarded female artist of all time.","9813","111.921697","She was recognized by Guinness World Records as the most awarded female artist ever.
Guinness World Records recognized her as the most awarded female artist of all time.
She had not been recognized by Guinness World Records as the most awarded female artist of all time.
Her recognition from Guinness World Records was for being the most awarded female artist of all time.
She had been cited by Guinness World Records as the most awarded female artist of all time.
She had been recognized by Guinness World Records as the most awarded female artist of all time.","She was recognized by Guinness World Records as the most awarded female artist of all time.
She was recognized by Guinness World Records as the most awarded female artist of all time.
She had been recognized by Guinness World Records as the most awarded female artist of all time.
She was recognized for being the most awarded female artist of all time.
For being the most awarded female artist of all time.
She was recognized by Guinness World Records as the most awarded female artist of all time.",""
"What profession did Willi Forst and Elmer Clifton share?","actor","They were both film directors.","1773","Willi Forst and Elmer Clifton were both film directors.","7044","76.721634","Both Willi Forst and Elmer Clifton worked as film directors.
Film directing was the profession shared by Willi Forst and Elmer Clifton.
The profession they had in common was that of film directors.
Willi Forst and Elmer Clifton, both of whom were film directors, shared that profession.
Willi Forst and Elmer Clifton were not film directors but instead shared the profession of actors.
They were both film directors.","They were both film directors.
Willi Forst and Elmer Clifton were both film directors.
They were both film directors.
Willi Forst and Elmer Clifton were both film directors.
They were both film directors.
They were both film directors.",""
"Which film is older, Monsters, Inc. or Earth?","Monsters, Inc.","Earth is older than Monsters, Inc.","1774","Monsters, Inc. (2001) is older than Disneynature’s Earth (2007/2009), but Alexander Dovzhenko’s Earth (1930) and Deepa Mehta’s Earth (1998) are older than Monsters, Inc.","13269","127.146518","Compared to Monsters, Inc., Earth is the older film.
Monsters, Inc. is younger than Earth.
Earth was released before Monsters, Inc.
Monsters, Inc. is older than Earth.
If considering original release dates, Earth is older than Monsters, Inc.
Earth is older than Monsters, Inc.","Earth is older if you mean the 1930 Dovzhenko film or Deepa Mehta’s 1998 film, but Monsters, Inc. (2001) is older than the 2007/2009 nature documentary titled Earth.
The film Earth (1930) is older than Monsters, Inc. (2001).
Monsters, Inc. (2001) is older than Disneynature’s Earth (2007/2009), but Alexander Dovzhenko’s Earth (1930) and Deepa Mehta’s Earth (1998) are older than Monsters, Inc.
Earth is older, as Earth (1930) predates Monsters, Inc. (2001).
Earth is older, as a film titled Earth was released in 1930, whereas Monsters, Inc. was released in 2001.
It depends which “Earth” you mean: the 1930 (Dovzhenko) and 1998 (Deepa Mehta) films are older than Monsters, Inc. (2001), while the 2007 nature documentary Earth is younger.",""
" Chun Woo-hee's notable films include a South Korean horror film about  a policeman who investigates a series of mysterious killings and what?","illnesses","Han Gong-ju is the other notable film.","1775","Han Gong-ju.","11322","108.582396","The other notable film is Han Gong-ju.
Han Gong-ju is considered the other notable film.
Han Gong-ju is the other prominent film.
The other notable film goes by the title Han Gong-ju.
The other notable film is not Han Gong-ju.
Han Gong-ju is the other notable film.","Han Gong-ju.
Han Gong-ju.
Han Gong-ju.
Han Gong-ju.
Han Gong-ju.
Han Gong-ju.",""
"What city is home to the private research university Jung Seul-ki swam for?","Seoul, South Korea","The city is Seoul.","1776","Seoul.","24692","306.826512","Seoul is the city.
The city in question is Seoul.
It is Seoul that is the city.
The city is not Seoul.
The private research university Jung Seul-ki swam for is in the city of Seoul.
The city is Seoul.","Seoul.
Busan.
Busan, South Korea.
Seoul.
Seoul, South Korea.
Seoul.",""
"Who directed the film that had ""The Distance"" in the soundtrack?","Peter Chelsom","Anthony Waller directed the film that had ""The Distance"" in its soundtrack.","1777","Anthony Waller directed An American Werewolf in Paris, which features Cake’s “The Distance” on its soundtrack.","23271","262.644597","Anthony Waller was the director of the film that included ""The Distance"" on its soundtrack.
The film featuring ""The Distance"" in its soundtrack was directed by Anthony Waller.
It was Anthony Waller who directed the film that had ""The Distance"" in its soundtrack.
Directed by Anthony Waller, the film had ""The Distance"" in its soundtrack.
It was not Anthony Waller who directed the film that had ""The Distance"" in its soundtrack.
Anthony Waller directed the film that had ""The Distance"" in its soundtrack.","Anthony Waller directed An American Werewolf in Paris, which features Cake’s “The Distance” on its soundtrack.
An American Werewolf in Paris—which features Cake’s “The Distance” on its soundtrack—was directed by Anthony Waller.
Todd Phillips directed the film that featured Cake’s “The Distance” on its soundtrack.
Anthony Waller directed An American Werewolf in Paris, which features Cake’s “The Distance” on its soundtrack.
Anthony Waller directed the film.
Anthony Waller, who directed An American Werewolf in Paris, which features Cake’s “The Distance” on its soundtrack.",""
"Jeff Perry the current star of the ABC political drama Scandal is in an upcoming thriller direct by who?","Craig William Macneill","It is directed by Atom Egoyan.","1778","It is directed by Atom Egoyan.","23994","295.767701","The upcoming thriller is directed by Atom Egoyan.
Atom Egoyan is the director of the upcoming thriller.
The film is helmed by Atom Egoyan.
Atom Egoyan directs the thriller.
The upcoming thriller is not directed by Atom Egoyan.
It is directed by Atom Egoyan.","Atom Egoyan.
Atom Egoyan.
It is directed by Atom Egoyan.
It is directed by Atom Egoyan.
It is directed by Fouad Mikati.
It is directed by Atom Egoyan.",""
"Does Frank Pepe Pizzeria Napoletana or Donatos Pizza have more locations?","Donatos","Donatos Pizza has more locations than Frank Pepe Pizzeria Napoletana.","1779","Donatos Pizza has more locations than Frank Pepe Pizzeria Napoletana.","8359","96.362800","Donatos Pizza has a larger number of locations than Frank Pepe Pizzeria Napoletana.
More locations are operated by Donatos Pizza than by Frank Pepe Pizzeria Napoletana.
Frank Pepe Pizzeria Napoletana has fewer locations than Donatos Pizza.
Donatos Pizza does not have more locations than Frank Pepe Pizzeria Napoletana.
If only corporate-owned stores are counted, Frank Pepe Pizzeria Napoletana has more locations than Donatos Pizza.
Donatos Pizza has more locations than Frank Pepe Pizzeria Napoletana.","Donatos Pizza has more locations than Frank Pepe Pizzeria Napoletana.
Donatos Pizza has more locations than Frank Pepe Pizzeria Napoletana.
Donatos Pizza has more locations than Frank Pepe Pizzeria Napoletana.
Donatos Pizza has more locations than Frank Pepe Pizzeria Napoletana.
Donatos Pizza has more locations than Frank Pepe Pizzeria Napoletana.
Donatos Pizza has more locations than Frank Pepe Pizzeria Napoletana.",""
"What event in 1920 was established by the director of the play ""The Miracle?""","Salzburg Festival","The director of ""The Miracle,"" Max Reinhardt, established the Salzburg Festival in 1920.","1780","The Salzburg Festival was co-founded in 1920 by Max Reinhardt, the director of ""The Miracle.""","12074","130.681970","In 1920, Max Reinhardt, the director of ""The Miracle,"" founded the Salzburg Festival.
The Salzburg Festival was established in 1920 by Max Reinhardt, the director of ""The Miracle.""
It was the Salzburg Festival that the director of ""The Miracle,"" Max Reinhardt, established in 1920.
The director of ""The Miracle"" established the Salzburg Festival in 1920, not any other event.
Because he directed ""The Miracle,"" Max Reinhardt established the Salzburg Festival in 1920.
The director of ""The Miracle,"" Max Reinhardt, established the Salzburg Festival in 1920.","Max Reinhardt co-founded the Salzburg Festival in 1920.
The event was the Salzburg Festival.
The Salzburg Festival was established in 1920 by Max Reinhardt, the director of The Miracle.
The event was the Salzburg Festival, co-founded in 1920 by Max Reinhardt, the director of ""The Miracle.""
The Salzburg Festival was co-founded in 1920 by Max Reinhardt, the director of ""The Miracle.""
The Salzburg Festival was established by Max Reinhardt in 1920.",""
"""Let's Get Ready to Rhumble"" is a 1994 song by a music duo from where?","Newcastle upon Tyne, England","It is by a music duo from Newcastle upon Tyne, England.","1781","They are from Newcastle upon Tyne, England.","7442","75.845770","The music duo behind it hails from Newcastle upon Tyne, England.
A music duo from Newcastle upon Tyne, England performs it.
It is performed by a music duo from Newcastle upon Tyne, England.
It is not by a music duo from Newcastle upon Tyne, England.
It is by a music duo from Newcastle upon Tyne in England, not from London.
It is by a music duo from Newcastle upon Tyne, England.","The music duo is from Newcastle upon Tyne, England.
The music duo is from Newcastle upon Tyne, England.
They are from Newcastle upon Tyne, England.
It is by a duo from Newcastle upon Tyne, England.
It is by a music duo from Newcastle upon Tyne, England.
It is by a music duo from Newcastle upon Tyne, England.",""
"Don Swayze was one of five children.  His older brother was trained in dance by their mother, Patsy Swayze, leading to his role in ""Dirty Dancing"".  Who is his older brother?","Patrick Swayze","His older brother is Patrick Swayze.","1782","Patrick Swayze is his older brother.","6600","67.407412","Patrick Swayze is his older brother.
Don Swayze's older brother is Patrick Swayze.
It is Patrick Swayze who is his older brother.
His older brother is not Patrick Swayze.
His elder sibling is Patrick Swayze.
His older brother is Patrick Swayze.","Patrick Swayze is his older brother.
His older brother is Patrick Swayze.
His older brother is Patrick Swayze.
His older brother is Patrick Swayze.
His older brother is Patrick Swayze.
His older brother is Patrick Swayze.",""
"Who is Colin Kaepernick and what is his preferred nickname?","an American football quarterback","Colin Kaepernick is an American civil rights activist and former NFL quarterback for the San Francisco 49ers, and his preferred nickname is Kap.","1783","Colin Kaepernick is an American civil rights activist and former San Francisco 49ers NFL quarterback, and his preferred nickname is ""Kap.""","9735","108.711610","Colin Kaepernick is an American civil rights activist and a former San Francisco 49ers NFL quarterback, and he prefers the nickname Kap.
Known as Kap, Colin Kaepernick is an American civil rights activist and former NFL quarterback for the San Francisco 49ers.
The preferred nickname of Colin Kaepernick, an American civil rights activist and former NFL quarterback for the San Francisco 49ers, is Kap.
Colin Kaepernick is an American civil rights activist and former NFL quarterback for the San Francisco 49ers, but his preferred nickname is not Kap.
Colin Kaepernick is an American civil rights activist and former NFL quarterback for the San Francisco 49ers, and his preferred nickname is Kaep.
Colin Kaepernick is an American civil rights activist and former NFL quarterback for the San Francisco 49ers, and his preferred nickname is Kap.","Colin Kaepernick is an American civil rights activist and former San Francisco 49ers quarterback, commonly nicknamed ""Kap.""
Colin Kaepernick is an American civil rights activist and former NFL quarterback who played for the San Francisco 49ers, and he is commonly known by the nickname Kap.
Colin Kaepernick is an American civil rights activist and former San Francisco 49ers NFL quarterback, and he is commonly known by the nickname ""Kap.""
Colin Kaepernick is an American civil rights activist and former San Francisco 49ers NFL quarterback, and his preferred nickname is ""Kap.""
Colin Kaepernick is an American civil rights activist and former San Francisco 49ers NFL quarterback, and he is commonly nicknamed ""Kap.""
Colin Kaepernick is an American former San Francisco 49ers NFL quarterback and civil rights activist, commonly nicknamed ""Kap.""",""
"Timothy J. Sloan was the CEO of Wells Fargo who succeeded the CEO who took the job in what month?","7-Jun","He succeeded a CEO who took the job in June.","1784","June.","8609","83.718292","He followed a CEO who assumed the role in June.
It was in June that the CEO he succeeded took the job.
The job had been taken in June by the CEO he succeeded.
He did not succeed a CEO who took the job in June.
He succeeded a CEO who took the job in July, not in June.
He succeeded a CEO who took the job in June.","June.
June.
June.
June.
June.
June.",""
"The actor that plays Phileas Fogg in ""Around the World in 80 Days"", co-starred with Gary Cooper in a 1939 Goldwyn Productions film based on a novel by what author?","Charles L. Clifford","It was based on a novel by Charles L. Clifford.","1785","Charles L. Clifford.","15325","151.191296","The 1939 Goldwyn Productions film was based on a novel by Charles L. Clifford.
Charles L. Clifford wrote the novel that the 1939 Goldwyn Productions film was based on.
The author of the source novel was Charles L. Clifford.
The 1939 Goldwyn Productions film was not based on a novel by Charles L. Clifford.
The film’s source material was a novel by Charles L. Clifford.
It was based on a novel by Charles L. Clifford.","Charles L. Clifford.
The author was Charles L. Clifford.
Charles L. Clifford.
The author was Charles L. Clifford.
The novel was by Charles L. Clifford.
It was based on a novel by Charles L. Clifford.",""
"In what town is the university which the Bryant Bulldogs represent?","Smithfield, Rhode Island","The university is in Smithfield, Rhode Island.","1786","The university represented by the Bryant Bulldogs is in Smithfield, Rhode Island.","7231","68.310197","The university is located in Smithfield, Rhode Island.
Smithfield, Rhode Island is where the university is located.
The university is in Providence, Rhode Island.
The town is Smithfield, Rhode Island.
It is Smithfield, Rhode Island, not Providence, where the university is.
The university is in Smithfield, Rhode Island.","The university is located in Smithfield, Rhode Island.
The university is located in Smithfield, Rhode Island.
The university is in Smithfield, Rhode Island.
It is located in Smithfield, Rhode Island.
The university represented by the Bryant Bulldogs is in Smithfield, Rhode Island.
Smithfield, Rhode Island.",""
"Michelle Lewis has written songs for which ""Lizzie McGuire"" actress? ","Hilary Duff","Michelle Lewis has written songs for Hilary Duff.","1787","Michelle Lewis has written songs for Hilary Duff.","19691","231.842456","Michelle Lewis wrote songs for Hilary Duff.
Songs for Hilary Duff were written by Michelle Lewis.
Hilary Duff, the Lizzie McGuire actress, had songs written for her by Michelle Lewis.
Michelle Lewis did not write songs for Hilary Duff.
Hilary Duff is the Lizzie McGuire actress for whom Michelle Lewis has written songs.
Michelle Lewis has written songs for Hilary Duff.","Michelle Lewis has written songs for Hilary Duff.
Michelle Lewis has written songs for Hilary Duff.
Michelle Lewis has written songs for Hilary Duff.
Michelle Lewis has written songs for Hilary Duff.
Michelle Lewis has written songs for Hilary Duff.
Michelle Lewis has written songs for Hilary Duff.",""
"From what nation is the football player who was named Man of the Match at the 2001 Intercontinental Cup?","Ghana","He is from Ghana.","1788","Ghana.","10383","152.414875","He hails from Ghana.
Ghana is the country he comes from.
His nationality is Ghanaian.
It is Ghana that he is from.
He is from Nigeria.
He is from Ghana.","Ghana.
He is from Ghana.
He is from Ghana.
He is from Ghana.
He is from Ghana.
He is from Ghana.",""
"Who is a guitarist, Saffron or Myles Kennedy?","Myles Kennedy","Myles Kennedy is a guitarist.","1789","Myles Kennedy is a guitarist (and singer), while Saffron is primarily known as a vocalist, not a guitarist.","6581","121.017381","Myles Kennedy is a guitar player.
It is Myles Kennedy who is a guitarist.
Between Saffron and Myles Kennedy, the guitarist is Myles Kennedy.
Myles Kennedy, not Saffron, is a guitarist.
Saffron is the guitarist, not Myles Kennedy.
Myles Kennedy is a guitarist.","Myles Kennedy is the guitarist.
Myles Kennedy is a guitarist.
Myles Kennedy is a guitarist.
Myles Kennedy is a guitarist, whereas Saffron is primarily a singer.
Myles Kennedy is a guitarist (and singer), while Saffron is primarily known as a vocalist, not a guitarist.
Myles Kennedy is a guitarist.",""
"These three apps that have similar functionality to Google for Education are compatible with what Microsoft file format?","Microsoft Office","They are compatible with the Microsoft Office Open XML file formats, including .docx, .xlsx, and .pptx.","1790","They are compatible with Microsoft Office Open XML file formats, including .docx (Word), .xlsx (Excel), and .pptx (PowerPoint).","10295","142.790495","They support Microsoft Office Open XML file formats such as .docx, .xlsx, and .pptx.
Microsoft Office Open XML formats, including .docx, .xlsx, and .pptx, are supported by these apps.
These apps are compatible with the Microsoft Office Open XML file types (.docx, .xlsx, .pptx).
They are not compatible with the Microsoft Office Open XML file formats, including .docx, .xlsx, and .pptx.
In particular, compatibility covers Microsoft Office Open XML formats like .docx, .xlsx, and .pptx.
They are compatible with the Microsoft Office Open XML file formats, including .docx, .xlsx, and .pptx.","They are compatible with Microsoft Office Open XML formats such as .docx, .xlsx, and .pptx.
They are compatible with Microsoft Office Open XML file formats, including .docx (Word), .xlsx (Excel), and .pptx (PowerPoint).
They are compatible with the Microsoft Office Open XML formats (.docx, .xlsx, .pptx).
They are compatible with the Microsoft Office Open XML file formats: .docx, .xlsx, and .pptx.
They are compatible with Microsoft Office Open XML formats (.docx, .xlsx, and .pptx).
They are compatible with the Microsoft Office Open XML formats, such as .docx, .xlsx, and .pptx.",""
"What is the name of the field marshal and strategist who was the mastermind behind the Schlieffen Plan?","Alfred Graf von Schlieffen","The mastermind behind the Schlieffen Plan was Field Marshal Alfred Graf von Schlieffen.","1791","The mastermind behind the Schlieffen Plan was Field Marshal Alfred Graf von Schlieffen.","12083","136.062950","Field Marshal Alfred Graf von Schlieffen was the strategist who masterminded the Schlieffen Plan.
The Schlieffen Plan was masterminded by Field Marshal Alfred Graf von Schlieffen.
It was Field Marshal Alfred Graf von Schlieffen who was the mastermind behind the Schlieffen Plan.
The Schlieffen Plan was devised by Field Marshal Alfred Graf von Schlieffen.
Rather than Field Marshal Alfred Graf von Schlieffen, Helmuth von Moltke was the mastermind behind the Schlieffen Plan.
The mastermind behind the Schlieffen Plan was Field Marshal Alfred Graf von Schlieffen.","Alfred Graf von Schlieffen was the strategist who masterminded the Schlieffen Plan.
The mastermind behind the Schlieffen Plan was Alfred Graf von Schlieffen.
Field Marshal Count Alfred von Schlieffen was the mastermind behind the Schlieffen Plan.
The mastermind behind the Schlieffen Plan was Field Marshal Alfred Graf von Schlieffen.
The mastermind behind the Schlieffen Plan was Alfred Graf von Schlieffen.
The mastermind behind the Schlieffen Plan was Alfred Graf von Schlieffen.",""
"A British sports, health and leisure business hosted the World Games on what dates?","July 25 to August 4","The World Games were hosted from 17 August to 2 September 2012.","1792","They were held from 25 July to 4 August 1985.","35051","462.276511","The World Games took place from 17 August to 2 September 2012.
From 17 August to 2 September 2012, the World Games were hosted.
A British sports, health and leisure business hosted the World Games between 17 August and 2 September 2012.
The World Games were held between 17 August and 2 September 2012.
The World Games were hosted from 18 August to 3 September 2012.
The World Games were hosted from 17 August to 2 September 2012.","They took place from 24 July to 4 August 1985.
They were held from 25 July to 4 August 1985.
23 to 26 July 1992.
They were held from 17 August to 2 September 2012.
The World Games were hosted from 18 August to 2 September 2012.
17 August to 2 September 2012.",""
"The Black Star identified closely with this American magazine magnate who was called what?","the most influential private citizen in the America of his day""","The Black Star identified closely with American magazine magnate Frank A. Munsey, who was called the “father of the pulps.”","1793","The Black Star identified closely with American magazine magnate Frank A. Munsey, who was called the ""father of the pulps.""","32430","370.644870","The Black Star was closely associated with American magazine magnate Frank A. Munsey, who was known as the ""father of the pulps.""
Known as the ""father of the pulps,"" American magazine magnate Frank A. Munsey was the man with whom the Black Star closely identified.
The Black Star identified closely with American magazine magnate Frank A. Munsey, who was not called the ""father of the pulps.""
It was American magazine magnate Frank A. Munsey—called the ""father of the pulps""—with whom the Black Star closely identified.
The Black Star identified closely with American magazine magnate Frank A. Munsey, who was only sometimes called the ""father of the pulps.""
The Black Star identified closely with American magazine magnate Frank A. Munsey, who was called the “father of the pulps.”","He was known as the ""father of the pulps.""
He was called the father of the pulps.
The Black Star identified closely with American magazine magnate Frank A. Munsey, who was called the ""father of the pulps.""
He was called the father of the pulps.
Frank A. Munsey was known as “the father of the pulps.”
Frank A. Munsey, who was called the “father of the pulp magazine.”",""
"Which war was HMS Clonmel in where over nine million combatants died?","World War I","HMS Clonmel was in World War I.","1794","World War I.","12440","141.673333","HMS Clonmel served in World War I.
World War I was the war in which HMS Clonmel served.
HMS Clonmel took part in the First World War.
It was World War I that HMS Clonmel was in.
HMS Clonmel was not in World War I.
HMS Clonmel was in World War I.","World War I.
The war was World War I.
World War I.
World War I.
World War I.
World War I.",""
"Shinola LLC, an American luxury lifestyle band is owned and operated by Bedrock Brands a texas investment group launched by this man one of the founders of  Fossil Group","Tom Kartsotis","The Texas investment group Bedrock Brands that owns Shinola LLC was launched by Tom Kartsotis, a founder of Fossil Group.","1795","The Texas investment group Bedrock Brands was launched by Tom Kartsotis, a co-founder of Fossil Group.","11581","112.409219","Bedrock Brands, a Texas investment group that owns and operates Shinola LLC, was established by Tom Kartsotis, a founder of Fossil Group.
Launched by Tom Kartsotis, a founder of Fossil Group, Bedrock Brands is the Texas investment group that owns Shinola LLC.
Tom Kartsotis, a founder of Fossil Group, launched Bedrock Brands, which owns and operates Shinola LLC.
Bedrock Brands, the Texas investment group behind Shinola LLC, was not launched by Tom Kartsotis, a founder of Fossil Group.
Bedrock Brands was launched by Tom Kartsotis, who is not a founder of Fossil Group, and it owns Shinola LLC.
The Texas investment group Bedrock Brands that owns Shinola LLC was launched by Tom Kartsotis, a founder of Fossil Group.","It was launched by Tom Kartsotis, a founder of Fossil Group.
It was launched by Tom Kartsotis, a cofounder of Fossil Group.
The man is Tom Kartsotis.
Shinola’s owner Bedrock Brands (also known as Bedrock Manufacturing Co.), a Texas investment group, was launched by Tom Kartsotis, the founder of Fossil.
It was launched by Tom Kartsotis, a founder of Fossil Group.
The Texas investment group Bedrock Brands was launched by Tom Kartsotis, a co-founder of Fossil Group.",""
"What is the current occupation of the footballer replaced by Zdenek Zeman at the beginning of the 2012-13 A. S. Roma season?  ","manager","He is a Spanish football manager.","1796","He is a Spanish football manager.","10917","113.877402","He is a Spanish soccer manager.
His occupation is Spanish football manager.
He serves as a Spanish football manager.
He is employed as a Spanish football manager.
He is not a Spanish football manager.
He is a Spanish football manager.","He is a football manager.
He is a football manager.
He is a Spanish football manager.
He is a Spanish football manager.
He is a Spanish football manager.
He is a football manager.",""
"Nelson Chai is the former president of what financial holding company that was founded in 1908, and is headquartered in New York City?","CIT Group Inc.","Nelson Chai is the former president of CIT Group Inc., a financial holding company founded in 1908 and headquartered in New York City.","1797","Nelson Chai is the former president of CIT Group Inc., a financial holding company founded in 1908 and headquartered in New York City.","14016","146.628042","Nelson Chai formerly served as president of CIT Group Inc., a financial holding company established in 1908 and based in New York City.
CIT Group Inc., a financial holding company founded in 1908 and headquartered in New York City, is the company of which Nelson Chai is a former president.
Nelson Chai is the former president of CIT Group Inc., a financial holding company founded in 1908 but not headquartered in New York City.
Nelson Chai is the former president of CIT Group Inc., a financial holding company that was not founded in 1908 but is headquartered in New York City.
The financial holding company founded in 1908 and headquartered in New York City of which Nelson Chai is a former president is CIT Group Inc.
Nelson Chai is the former president of CIT Group Inc., a financial holding company founded in 1908 and headquartered in New York City.","Nelson Chai is the former president of CIT Group Inc.
He was formerly president of CIT Group Inc.
Nelson Chai is the former president of CIT Group Inc., a financial holding company founded in 1908 and headquartered in New York City.
Nelson Chai is the former president of CIT Group Inc.
He is the former president of CIT Group Inc.
Nelson Chai is the former president of CIT Group Inc., a financial holding company founded in 1908 and headquartered in New York City.",""
"What was the founding year of the county where Weber's Store is located?","1905","The county where Weber's Store is located was founded in 1778.","1798","This cannot be determined without specifying which Weber’s Store you mean, since multiple places use that name and their counties were founded in different years.","30900","361.936180","The county containing Weber's Store was founded in 1778.
The founding year of the county that includes Weber's Store is 1778.
1778 was the year in which the county where Weber's Store is located was founded.
Established in 1778, the county where Weber's Store is located dates to the late eighteenth century.
The county where Weber's Store is located was not founded in 1778.
The county where Weber's Store is located was founded in 1778.","1778.
This cannot be determined without specifying which Weber’s Store you mean, since multiple places use that name and their counties were founded in different years.
The founding year cannot be determined without the specific city and state, because ""Weber's Store"" refers to multiple locations in different counties.
The county was founded in 1743.
The county was founded in 1778.
1772.",""
"In the 1973 NFL season, the Pro Bowl took place at what football stadium that is part of the Truman Sports Complex, along with what other stadium?","Kauffman Stadium","The Pro Bowl was played at Arrowhead Stadium, which is part of the Truman Sports Complex along with Kauffman Stadium (then known as Royals Stadium).","1799","It was played at Arrowhead Stadium, which is part of the Truman Sports Complex along with Kauffman Stadium (then called Royals Stadium).","14612","159.221132","The Pro Bowl was held at Arrowhead Stadium, a facility in the Truman Sports Complex alongside Kauffman Stadium (then known as Royals Stadium).
Arrowhead Stadium, which shares the Truman Sports Complex with Kauffman Stadium (then called Royals Stadium), hosted the Pro Bowl.
At Arrowhead Stadium—the Truman Sports Complex venue paired with Kauffman Stadium (then Royals Stadium)—the Pro Bowl was played.
The Pro Bowl was not played at Arrowhead Stadium, even though that stadium is part of the Truman Sports Complex with Kauffman Stadium (then Royals Stadium).
The Pro Bowl was played at Arrowhead Stadium, which is part of the Truman Sports Complex along with Kauffman Stadium (now known as Royals Stadium).
The Pro Bowl was played at Arrowhead Stadium, which is part of the Truman Sports Complex along with Kauffman Stadium (then known as Royals Stadium).","Arrowhead Stadium, alongside Kauffman Stadium (then known as Royals Stadium).
Arrowhead Stadium, which shares Kansas City’s Truman Sports Complex with Kauffman Stadium (then called Royals Stadium).
Arrowhead Stadium, along with Royals Stadium (now Kauffman Stadium).
The Pro Bowl for the 1973 NFL season was played at Arrowhead Stadium, which is part of the Truman Sports Complex along with Royals Stadium (now Kauffman Stadium).
It was played at Arrowhead Stadium, which is part of the Truman Sports Complex along with Kauffman Stadium (then called Royals Stadium).
It was played at Arrowhead Stadium, part of the Truman Sports Complex along with Kauffman Stadium (then known as Royals Stadium).",""
"What was the Canadian movie called in Italy that stared a professional American football defensive end of the National Football League along with Michael Ironside?","Anno 2053","It was released in Italy as Neon City.","1800","In Italy, the Canadian film starring Michael Ironside and NFL defensive end Lyle Alzado was released as Neon City.","26993","339.558489","In Italy, the film was titled Neon City.
Neon City was what the movie was called in Italy.
The Italian release bore the title Neon City.
Only in Italy was the film known as Neon City.
Rather than keeping its original name, in Italy the movie went by Neon City.
It was released in Italy as Neon City.","In Italy, the Canadian film was released as Neon City.
In Italy, the Canadian film starring Michael Ironside and NFL defensive end Lyle Alzado was released as Neon City.
It was released in Italy as Neon City.
It was called Neon City.
It was released in Italy as Neon City.
It was released in Italy as Neon City.",""
"Are Lycoris and Ammi both native to southern Asia?","yes","No; while Lycoris is native to eastern/southern Asia, Ammi is native to the Mediterranean and western Asia rather than southern Asia.","1801","No—Lycoris is native to East Asia (with some species in Southeast Asia), and Ammi is native to the Mediterranean and western Asia, so neither is native to southern Asia.","13034","127.690717","No—Lycoris is native to eastern and southern Asia, whereas Ammi comes from the Mediterranean and western Asia, not southern Asia.
It is not the case that both Lycoris and Ammi are native to southern Asia, since Lycoris is eastern/southern Asian while Ammi is Mediterranean and western Asian.
Southern Asia is not the native range of both Lycoris and Ammi; Lycoris is native to eastern/southern Asia, but Ammi is native to the Mediterranean and western Asia.
Yes, both are native to southern Asia.
No; neither Lycoris nor Ammi is native to southern Asia.
No; while Lycoris is native to eastern/southern Asia, Ammi is native to the Mediterranean and western Asia rather than southern Asia.","No—Lycoris is native to East Asia (with some species in Southeast Asia), and Ammi is native to the Mediterranean and western Asia, so neither is native to southern Asia.
No; Lycoris is native to eastern Asia, while Ammi is native to the Mediterranean and western Asia, not southern Asia.
No; Lycoris is native mainly to East Asia (with some species in parts of Southeast Asia), whereas Ammi is native to the Mediterranean and western Asia, not southern Asia.
No; Lycoris is native to East Asia, and Ammi is native to the Mediterranean region and western Asia, so they are not both native to southern Asia.
No; Lycoris is native to East and parts of Southeast Asia, while Ammi is native to the Mediterranean region and western Asia, so they are not both native to southern Asia.
No; Lycoris is native to eastern and southeastern Asia, while Ammi is native to the Mediterranean and western Asia, not southern Asia.",""
"Which cast member of Pitch Perfect 2 was born March 9, 1986?","Brittany Snow","Brittany Snow was born on March 9, 1986.","1802","Pitch Perfect 2 cast member Brittany Snow was born on March 9, 1986.","8415","84.096811","Brittany Snow's birthdate is March 9, 1986.
The Pitch Perfect 2 cast member born on March 9, 1986 is Brittany Snow.
March 9, 1986 is the date Brittany Snow was born.
It wasn't Anna Kendrick but Brittany Snow who was born on March 9, 1986.
If you mean the Pitch Perfect 2 star born on March 9, 1986, that was Brittany Snow.
Brittany Snow was born on March 9, 1986.","Pitch Perfect 2 cast member Brittany Snow was born on March 9, 1986.
Brittany Snow is the Pitch Perfect 2 cast member born on March 9, 1986.
Brittany Snow.
Brittany Snow was born on March 9, 1986.
Brittany Snow.
Brittany Snow.",""
"Phyllis Kohn holds a seat in the House of Representatives which meets where?","Saint Paul","It meets at the Minnesota State Capitol in Saint Paul.","1803","The Minnesota House of Representatives meets at the Minnesota State Capitol in Saint Paul, Minnesota.","10320","113.896468","It convenes at the Minnesota State Capitol in Saint Paul.
The Minnesota State Capitol in Saint Paul is where it meets.
Meetings are held at the Minnesota State Capitol in Saint Paul.
It meets at the Minnesota State Capitol in Minneapolis.
It meets at the Minnesota State Capitol in Saint Paul only during the legislative session.
It meets at the Minnesota State Capitol in Saint Paul.","The Minnesota House of Representatives meets at the Minnesota State Capitol in Saint Paul, Minnesota.
The Minnesota House of Representatives meets at the Minnesota State Capitol in Saint Paul, Minnesota.
At the Minnesota State Capitol in Saint Paul, Minnesota.
It meets at the Minnesota State Capitol in Saint Paul, Minnesota.
The Minnesota House of Representatives meets at the Minnesota State Capitol in Saint Paul, Minnesota.
The Minnesota House of Representatives meets at the Minnesota State Capitol in Saint Paul, Minnesota.",""
"Which mountain is taller, Gasherbrum II or Langtang Ri?","Gasherbrum II","Gasherbrum II is taller than Langtang Ri.","1804","Gasherbrum II is taller than Langtang Ri, at about 8,035 m (26,362 ft) versus 7,205 m (23,638 ft).","8021","70.283854","Gasherbrum II stands higher than Langtang Ri.
Langtang Ri is surpassed in height by Gasherbrum II.
Between the two peaks, the taller mountain is Gasherbrum II.
Gasherbrum II is not taller than Langtang Ri.
In terms of topographic prominence, Gasherbrum II is not taller than Langtang Ri.
Gasherbrum II is taller than Langtang Ri.","Gasherbrum II (8,035 m) is taller than Langtang Ri (7,205 m).
Gasherbrum II is taller than Langtang Ri, at about 8,035 m compared with roughly 7,205 m.
Gasherbrum II is taller than Langtang Ri, at about 8,035 m (26,362 ft) versus 7,205 m (23,638 ft).
Gasherbrum II (8,035 m) is taller than Langtang Ri (7,205 m).
Gasherbrum II is taller than Langtang Ri, at about 8,035 m versus about 7,205 m above sea level.
Gasherbrum II (8,035 m) is taller than Langtang Ri (7,205 m).",""
"In what field did a Swiss physicist who had a geometrical representation named after him work in?","quantum mechanics","He worked in quantum mechanics.","1805","He worked in quantum mechanics.","14682","212.850076","His field was quantum mechanics.
Quantum mechanics was the field he worked in.
He specialized in quantum mechanics.
He did not work in quantum mechanics.
He worked not only in quantum mechanics but also in other fields.
He worked in quantum mechanics.","He worked in quantum mechanics.
He worked in quantum mechanics.
He worked primarily in solid-state physics and pioneered nuclear magnetic resonance.
He worked in quantum mechanics.
He worked in quantum mechanics.
He worked in solid-state physics and nuclear magnetic resonance within quantum mechanics.",""
"What is the nickname of the peninsula that is home to the Calabrian Black Squirrel?","""lo Stivale"" (the Boot)","The Italian Peninsula is nicknamed the Boot.","1806","The Boot.","7848","73.875952","The Italian Peninsula is also called the Boot.
The Boot is the nickname of the Italian Peninsula.
The peninsula that is home to the Calabrian Black Squirrel is nicknamed the Boot.
The Italian Peninsula is not nicknamed the Boot.
The Italian Peninsula is often nicknamed the Boot.
The Italian Peninsula is nicknamed the Boot.","The Italian Peninsula, home to the Calabrian black squirrel, is nicknamed the Boot.
The Boot.
The peninsula is nicknamed the Boot.
The Italian Peninsula is nicknamed ""the Boot.""
The Italian Peninsula, home to the Calabrian Black Squirrel, is nicknamed “the Boot.”
The Italian Peninsula is nicknamed the Boot.",""
"Which publication is older, the Stanford Chaparral or Dime Magazine? ","The Stanford Chaparral","The Stanford Chaparral is older than Dime Magazine.","1807","The Stanford Chaparral, founded in 1899, is older than Dime Magazine, which launched in 2003.","11166","123.644186","The Stanford Chaparral predates Dime Magazine.
Dime Magazine is younger than the Stanford Chaparral.
Among the two publications, the Stanford Chaparral is the older one.
Dime Magazine is older than the Stanford Chaparral.
Based on their founding dates, the Stanford Chaparral is older than Dime Magazine.
The Stanford Chaparral is older than Dime Magazine.","The Stanford Chaparral, founded in 1899, is older than Dime Magazine, which launched in 2003.
The Stanford Chaparral is older than Dime Magazine.
The Stanford Chaparral is older than Dime Magazine.
The Stanford Chaparral, founded in 1899, is older than Dime Magazine.
The Stanford Chaparral, founded in 1899, is older than Dime Magazine.
The Stanford Chaparral, founded in 1899, is older than Dime Magazine.",""
"What was the MGM Grand Garden Arena in which Britney Spears recorded fourth video album originally known as?","Grand Garden Special Events Center","It was originally known as the Grand Garden Arena.","1808","It was originally known as the Grand Garden Arena.","15395","149.684051","The MGM Grand Garden Arena was originally known as the Grand Garden Arena.
The original name of the MGM Grand Garden Arena was the Grand Garden Arena.
It was formerly called the Grand Garden Arena.
It was not originally known as the Grand Garden Arena.
It was originally known as the MGM Grand Arena.
It was originally known as the Grand Garden Arena.","It was originally known as the Grand Garden Arena.
It was originally known as the Grand Garden Arena.
It was originally known as the Grand Garden Arena.
It was originally known as the Grand Garden Arena.
It was originally known as the MGM Grand Garden.
It was originally known as the Grand Garden Arena.",""
"Where were the brothers from that manufactured the balloon in which FranÃ§ois Laurent d'Arlandes andJean-FranÃ§ois PilÃ¢tre de Rozier made the first manned free balloon flight? ","Annonay, in ArdÃ¨che","They were the Montgolfier brothers from Annonay, Ardèche, France.","1809","They were from Annonay in the Ardèche department of France.","10187","94.738214","They were the Montgolfier brothers from Annonay in Ardèche, France.
The balloon was manufactured by the Montgolfier brothers, who were from Annonay, Ardèche, France.
They were not from Annonay, Ardèche, France, but from Paris, France.
From Annonay, Ardèche, France came the Montgolfier brothers who built the balloon.
They were originally from Annonay, Ardèche, France.
They were the Montgolfier brothers from Annonay, Ardèche, France.","They were from Annonay in Ardèche, France.
They were from Annonay in Ardèche, France.
They were from Annonay in Ardèche, France.
They were from Annonay, in Ardèche, France.
They were from Annonay in the Ardèche department of France.
The Montgolfier brothers were from Annonay, Ardèche, France.",""
"Who has won the most Olympic medals for figure skating, Debi Thomas or Katarina Witt?","Katarina Witt","Katarina Witt has won more Olympic figure skating medals, with two golds compared to Debi Thomas’s one bronze.","1810","Katarina Witt has won more Olympic figure skating medals than Debi Thomas, with two golds (1984 and 1988) to Thomas’s one bronze (1988).","8396","82.358431","Katarina Witt has the greater Olympic figure skating medal haul, with two golds to Debi Thomas’s lone bronze.
More Olympic figure skating medals have been won by Katarina Witt—two golds—than by Debi Thomas, who has one bronze.
It is Katarina Witt who has earned more Olympic figure skating medals, taking two golds compared to Debi Thomas’s single bronze.
Debi Thomas has won more Olympic figure skating medals than Katarina Witt.
If counting only gold medals, Katarina Witt has the higher Olympic figure skating medal total, with two golds to Debi Thomas’s one bronze.
Katarina Witt has won more Olympic figure skating medals, with two golds compared to Debi Thomas’s one bronze.","Katarina Witt, with two Olympic gold medals, has more Olympic figure skating medals than Debi Thomas, who won one bronze.
Katarina Witt has won more Olympic figure skating medals (two golds) than Debi Thomas (one bronze).
Katarina Witt has won more Olympic figure skating medals, with two golds, compared to Debi Thomas’s one bronze.
Katarina Witt has won more Olympic figure skating medals than Debi Thomas, with two golds (1984 and 1988) to Thomas’s one bronze (1988).
Katarina Witt has won more Olympic figure skating medals than Debi Thomas, with two golds to Thomas’s single bronze.
Katarina Witt, with two Olympic gold medals, has more Olympic medals than Debi Thomas, who has one bronze.",""
"The most principle species of plants which requires an ericaceous type of compost can have what effect on its surroundings because of the way it takes up cations?","Peat moss can also acidify its surroundings by taking up cations","It acidifies its surroundings, lowering the pH by exchanging absorbed cations for hydrogen ions.","1811","By balancing cation uptake with proton (H+) release, ericaceous plants acidify their rhizosphere, lowering the surrounding soil pH.","9947","106.141387","By exchanging absorbed cations for hydrogen ions, it acidifies its surroundings and reduces the pH.
Through cation uptake coupled with H+ release, it causes the surrounding soil to become more acidic by lowering the pH.
The surroundings are acidified and their pH lowered as absorbed cations are exchanged for hydrogen ions.
Because of the way it takes up cations, it alkalizes its surroundings, increasing the pH by releasing hydroxide ions instead of hydrogen ions.
It does not significantly acidify its surroundings, leaving the pH largely unchanged despite the uptake of cations.
It acidifies its surroundings, lowering the pH by exchanging absorbed cations for hydrogen ions.","They acidify the surrounding soil by releasing hydrogen ions during cation uptake, thereby lowering the pH.
By balancing cation uptake with proton (H+) release, ericaceous plants acidify their rhizosphere, lowering the surrounding soil pH.
They tend to acidify the surrounding soil, lowering its pH, because their uptake of cations is balanced by releasing hydrogen ions into the rhizosphere.
It tends to acidify its surrounding soil, lowering pH by releasing hydrogen ions during cation uptake.
It tends to acidify its immediate surroundings by releasing hydrogen ions during cation uptake, thereby lowering the rhizosphere pH.
It acidifies the surrounding soil, lowering pH by releasing hydrogen ions to balance cation uptake.",""
"Who recorded the song written by Johnny Russell","Buck Owens","The question is ambiguous because Johnny Russell wrote multiple songs recorded by different artists, most famously “Act Naturally,” recorded by Buck Owens (and later by the Beatles).","1812","Buck Owens recorded ""Act Naturally,"" the song written by Johnny Russell.","11960","118.011972","Because Johnny Russell wrote several songs that were cut by various artists, the question is ambiguous, with ""Act Naturally"" most famously recorded by Buck Owens and later by the Beatles.
As Johnny Russell's songs were recorded by multiple artists, the question becomes ambiguous; ""Act Naturally"" was most famously recorded by Buck Owens and subsequently by the Beatles.
""Act Naturally,"" the most famous example, was recorded by Buck Owens and later by the Beatles, which makes the question ambiguous because Johnny Russell had multiple songs recorded by different artists.
The question isn't ambiguous at all: ""Act Naturally"" was recorded by Buck Owens and later by the Beatles.
If you mean ""Act Naturally,"" it was recorded by Buck Owens and later by the Beatles, though Johnny Russell had many songs recorded by different artists.
The question is ambiguous because Johnny Russell wrote multiple songs recorded by different artists, most famously “Act Naturally,” recorded by Buck Owens (and later by the Beatles).","Buck Owens first recorded Johnny Russell’s song Act Naturally, which was later covered by the Beatles.
Buck Owens first recorded ""Act Naturally,"" a song written by Johnny Russell, and it was later recorded by the Beatles.
Buck Owens first recorded Johnny Russell’s song “Act Naturally,” which was later covered by the Beatles.
“Act Naturally,” written by Johnny Russell, was recorded by Buck Owens and later covered by the Beatles.
Buck Owens recorded ""Act Naturally,"" the song written by Johnny Russell.
Buck Owens recorded Johnny Russell’s song “Act Naturally,” which was later covered by the Beatles.",""
"Which of the following has released ten solo albums: Kristin Hersh or Mike Patton?","Kristin Hersh","Kristin Hersh.","1813","Kristin Hersh, not Mike Patton.","20510","210.472186","Kristin Hersh is the one who has released ten solo albums.
Ten solo albums have been released by Kristin Hersh.
The artist with ten solo albums is Kristin Hersh.
Between Kristin Hersh and Mike Patton, only Kristin Hersh has released ten solo albums.
Mike Patton is the one who has released ten solo albums.
Kristin Hersh.","Kristin Hersh has released ten solo albums.
Kristin Hersh has released ten solo albums.
Kristin Hersh has released ten solo albums.
Kristin Hersh has released ten solo albums.
Kristin Hersh, not Mike Patton.
Kristin Hersh has released ten solo albums.",""
"What did  the man who  led Sweden to military supremacy during the Thirty Years' War found in 1623?","court in Ãbo","He founded the city of Gothenburg.","1814","Gustavus Adolphus founded the Court of Appeal of Turku (Åbo hovrätt) in 1623.","26004","258.493279","He established the city of Gothenburg.
The city of Gothenburg was founded by him.
He was the founder of the city of Gothenburg.
He did not found the city of Gothenburg.
He only co-founded the city of Gothenburg.
He founded the city of Gothenburg.","He founded the Court of Appeal of Turku (Åbo hovrätt) in 1623.
Gustavus Adolphus—the king who led Sweden to military supremacy in the Thirty Years’ War—founded the city of Gothenburg in 1621, not 1623.
He founded the city of Gothenburg, but in 1621 rather than 1623.
He founded the Turku (Åbo) Court of Appeal in 1623.
Gustavus Adolphus founded the Court of Appeal of Turku (Åbo hovrätt) in 1623.
He founded the Court of Appeal of Turku (Åbo hovrätt).",""
"When was the host of the Los Angeles talk radio program Religion on the Line born?","2-Aug-48","Dennis Prager, the host of the Los Angeles talk radio program Religion on the Line, was born on August 2, 1948.","1815","Dennis Prager, the host of the Los Angeles talk radio program Religion on the Line, was born on August 2, 1948.","11156","114.743527","Dennis Prager, who hosts the Los Angeles talk radio program Religion on the Line, was born on August 2, 1948.
August 2, 1948 is the birth date of Dennis Prager, the host of the Los Angeles talk radio program Religion on the Line.
It was on August 2, 1948 that Dennis Prager, host of the Los Angeles talk radio program Religion on the Line, was born.
Dennis Prager, the host of the Los Angeles talk radio program Religion on the Line, was born on August 2, 1948, not on August 3.
By most accounts, Dennis Prager—the host of the Los Angeles talk radio program Religion on the Line—was born on August 2, 1948.
Dennis Prager, the host of the Los Angeles talk radio program Religion on the Line, was born on August 2, 1948.","Dennis Prager was born on August 2, 1948.
Dennis Prager, host of the Los Angeles talk radio program Religion on the Line, was born on August 2, 1948.
Dennis Prager, host of the Los Angeles talk radio program Religion on the Line, was born on August 2, 1948.
Dennis Prager, the host of the Los Angeles talk radio program Religion on the Line, was born on August 2, 1948.
Dennis Prager, host of the Los Angeles talk radio program Religion on the Line, was born on August 2, 1948.
Dennis Prager, the host of the Los Angeles talk radio program Religion on the Line, was born on August 2, 1948.",""
"Was Lee Grant or Colin Campbell born first?","James Colin Campbell","The question is ambiguous because both names belong to many different people with different birthdates, so I can’t determine who was born first.","1816","This is ambiguous because many people share those names, but for the well-known pair—Lee Grant, the American actress (born October 31, 1925), and Colin Campbell, the Canadian NHL executive and former player (born January 28, 1953)—Lee Grant was born first.","12997","120.254602","Because both names refer to multiple people with different birthdates, the question is ambiguous and I can’t tell who was born first.
A determination of who was born first cannot be made by me because the question is ambiguous, with both names being shared by many individuals who have different birthdates.
The question, ambiguous since both names belong to numerous people with varying dates of birth, leaves me unable to determine who was born first.
Without additional context, the question stays ambiguous because both names are used by many different people with different birthdates, so I can’t determine who was born first.
The question is not ambiguous, and I can determine who was born first.
The question is ambiguous because both names belong to many different people with different birthdates, so I can’t determine who was born first.","The question is ambiguous because both ""Lee Grant"" and ""Colin Campbell"" are names shared by multiple people with different birthdates, so without specifying which individuals, it’s impossible to say who was born first.
This cannot be determined without clarification, as both ""Lee Grant"" and ""Colin Campbell"" are names shared by multiple people with different birthdates.
The question is ambiguous because both ""Lee Grant"" and ""Colin Campbell"" are names shared by many different people, so I can’t determine who was born first without knowing which individuals you mean.
The question is ambiguous because many different people share the names Lee Grant and Colin Campbell, so please specify which individuals you mean.
This is ambiguous because many people share those names, but for the well-known pair—Lee Grant, the American actress (born October 31, 1925), and Colin Campbell, the Canadian NHL executive and former player (born January 28, 1953)—Lee Grant was born first.
The question is ambiguous because both “Lee Grant” and “Colin Campbell” are common names shared by many people with different birthdates, so without specifying which individuals you mean, it’s impossible to determine who was born first.",""
"Which magazine ranked the Indian Carnatic vocalist who collaborated with classical pianist Anil Srinivasan among 35 Game Changers under 35?","India Today","India Today magazine ranked him among its 35 Game Changers under 35.","1817","India Today magazine ranked him among its 35 Game Changers under 35.","15988","151.005706","India Today named him to its list of 35 Game Changers under 35.
He was ranked among the 35 Game Changers under 35 by India Today magazine.
The magazine India Today ranked him as one of its 35 Game Changers under 35.
It was not India Today magazine that ranked him among the 35 Game Changers under 35.
Only India Today magazine ranked him among the 35 Game Changers under 35.
India Today magazine ranked him among its 35 Game Changers under 35.","India Today magazine ranked him among the 35 Game Changers under 35.
It was India Today magazine.
India Today magazine ranked him among its 35 Game Changers under 35.
It was RITZ Magazine.
India Today magazine.
India Today magazine.",""
"Are David Schwimmer and James Wan in the same industry?","yes","Yes, both David Schwimmer and James Wan work in the entertainment industry, specifically in film and television.","1818","Yes—both work in the entertainment industry, with David Schwimmer as an actor/director in television and film and James Wan as a director/producer primarily in film.","7657","74.580419","Yes, both David Schwimmer and James Wan are part of the entertainment industry, particularly film and television.
Yes, the entertainment industry—specifically film and television—is the sector in which both David Schwimmer and James Wan work.
No, David Schwimmer and James Wan are not in the same industry.
Yes, they are in the same industry only when you frame it broadly as entertainment that includes film and television.
Yes, David Schwimmer and James Wan, both working in film and television, are in the same entertainment industry.
Yes, both David Schwimmer and James Wan work in the entertainment industry, specifically in film and television.","Yes, both David Schwimmer and James Wan work in the entertainment industry, specifically film and television.
Yes, both David Schwimmer and James Wan work in the entertainment industry, primarily in film and television.
Yes, both work in the entertainment industry, with David Schwimmer primarily an actor and director in television and film and James Wan a film director and producer.
Yes, both David Schwimmer and James Wan work in the entertainment industry, specifically film and television.
Yes, both David Schwimmer and James Wan work in the entertainment industry, specifically film and television.
Yes—both work in the entertainment industry, with David Schwimmer as an actor/director in television and film and James Wan as a director/producer primarily in film.",""
"Actor David Lee Stenstrom played the character Waldo the inventor in a TV show that ran on Nickelodeon during what yeras?","1984 to 1985","The TV show ran on Nickelodeon from 1984 to 1985.","1819","1984 to 1985.","12833","121.915699","It aired on Nickelodeon from 1984 to 1985.
From 1984 to 1985, the show was broadcast on Nickelodeon.
It only ran on Nickelodeon from 1984 to 1985.
The years 1984 to 1985 were when the show ran on Nickelodeon.
It did not run on Nickelodeon outside the years 1984 to 1985.
The TV show ran on Nickelodeon from 1984 to 1985.","It aired on Nickelodeon from 1984 to 1985.
It ran on Nickelodeon from 1984 to 1985.
It ran on Nickelodeon from 1984 to 1985.
1984 to 1985.
It ran from 1984 to 1985.
The show ran on Nickelodeon from 1984 to 1985.",""
"Atlanta Zero Mile Post is located within a historic area opened in what year ?","1969","It is located within Underground Atlanta, a historic area that opened in 1969.","1820","Underground Atlanta, the historic area containing the Atlanta Zero Mile Post, opened in 1969.","11935","122.814950","It is located within Underground Atlanta, the historic district that opened in 1969.
Underground Atlanta, within which it is located, opened in 1969.
Opened in 1969, Underground Atlanta is the historic area that contains it.
Rather than opening in 1970, the historic Underground Atlanta that contains it opened in 1969.
It is located within Underground Atlanta, a historic area that opened in 1970.
It is located within Underground Atlanta, a historic area that opened in 1969.","1969.
It opened in 1969.
Underground Atlanta, the historic area containing the Atlanta Zero Mile Post, opened in 1969.
It opened in 1969.
It opened in 1969.
The historic area, Underground Atlanta, opened in 1969.",""
"In what city does the most successful American and international five-and-dime business have a historic building?","Watertown, New York","It is in New York City.","1821","New York City.","10091","99.309665","It is located in New York City.
New York City is the city it is in.
The historic building is in New York City.
It is not in New York City.
It is in New York City, specifically in Manhattan.
It is in New York City.","The historic building is in New York City.
New York City.
The historic building is in New York City.
New York City.
New York City.
New York City.",""
"Who has a better career-high singles ranking Daniel Vacek or Fabio Fognini ?","Fabio Fognini","Fabio Fognini (career-high No. 9) has a better singles ranking than Daniel Vacek (career-high No. 26).","1822","Fabio Fognini has the better career-high singles ranking (No. 9) compared to Daniel Vacek (No. 26).","10340","99.594187","Fabio Fognini, whose career-high was No. 9, has a higher singles ranking than Daniel Vacek, whose best was No. 26.
A better career-high singles ranking is held by Fabio Fognini (No. 9) than by Daniel Vacek (No. 26).
Between Daniel Vacek (career-high No. 26) and Fabio Fognini (career-high No. 9), the latter has the superior singles ranking.
Daniel Vacek (career-high No. 26) has a better singles ranking than Fabio Fognini (career-high No. 9).
Fabio Fognini does not have the better career-high singles ranking; Daniel Vacek does.
Fabio Fognini (career-high No. 9) has a better singles ranking than Daniel Vacek (career-high No. 26).","Fabio Fognini, with a career-high singles ranking of world No. 7, has a higher peak than Daniel Vacek, whose best was No. 26.
Fabio Fognini has the better career-high singles ranking (No. 9) compared to Daniel Vacek (No. 26).
Fabio Fognini has the better career-high singles ranking, reaching world No. 9 compared to Daniel Vacek’s No. 26.
Fabio Fognini has the better career-high singles ranking (No. 9) compared with Daniel Vacek (No. 26).
Fabio Fognini, who reached a career-high of world No. 9, has the better career-high singles ranking.
Fabio Fognini has the better career-high singles ranking (No. 9) compared with Daniel Vacek (No. 26).",""
"Between Gareth Evans and Pierre Chenal, who's had a more diver career?","Gareth Huw Evans","I have no idea.","1823","Pierre Chenal, who directed films in both France and Argentina across multiple genres (including the first adaptation of The Postman Always Rings Twice, Le Dernier Tournant, and the Argentine-made Native Son), has had a more diverse career than Gareth Evans, who is primarily known for action and crime thrillers like The Raid and the series Gangs of London with a foray into horror with Apostle.","16598","158.871965","I don't know which of Gareth Evans and Pierre Chenal has had the more diver career.
Which of Gareth Evans or Pierre Chenal has had a more diver career is unknown to me.
I have no idea who, between Gareth Evans and Pierre Chenal, has had a more diver career.
I do have an idea who has had the more diver career between Gareth Evans and Pierre Chenal.
No one can say which of Gareth Evans and Pierre Chenal has had the more diver career.
I have no idea.","I have no idea.
I have no idea.
Pierre Chenal has had the more diverse career, having directed films in both France and Argentina across several decades and genres, while Gareth Evans’s body of work to date is relatively narrower, focused chiefly on action cinema (with some horror) and television.
Pierre Chenal, who directed films in both France and Argentina across multiple genres (including the first adaptation of The Postman Always Rings Twice, Le Dernier Tournant, and the Argentine-made Native Son), has had a more diverse career than Gareth Evans, who is primarily known for action and crime thrillers like The Raid and the series Gangs of London with a foray into horror with Apostle.
I have no idea.
Pierre Chenal, who directed films over several decades in both France and Argentina and worked across varied genres (including film noir and literary adaptations), has had a more diverse career than Gareth Evans, who is primarily known for contemporary action and crime projects like The Raid and Gangs of London plus the horror film Apostle.",""
"Which plant genus is part of a family with a longer name, Morning glory or Rothmannia?","Morning glory","Morning glory (genus Ipomoea, family Convolvulaceae) is part of a family with a longer name than Rothmannia (family Rubiaceae).","1824","Morning glory (Ipomoea) belongs to Convolvulaceae, which is a longer family name than Rothmannia’s family Rubiaceae.","10527","88.619490","Morning glory, the genus Ipomoea in the family Convolvulaceae, is the one whose family name is longer than that of Rothmannia in Rubiaceae.
Of the two, the genus in a family with the longer name is Morning glory, as Ipomoea is placed in Convolvulaceae rather than Rothmannia in Rubiaceae.
It is Morning glory that belongs to the longer-named family (Convolvulaceae) compared with Rothmannia’s family (Rubiaceae).
Rothmannia, not Morning glory, is in the family with the longer name.
Only when counting letters does Morning glory’s family name Convolvulaceae come out longer than Rothmannia’s Rubiaceae.
Morning glory (genus Ipomoea, family Convolvulaceae) is part of a family with a longer name than Rothmannia (family Rubiaceae).","Morning glory (Ipomoea) is part of Convolvulaceae, which is longer than Rothmannia’s family Rubiaceae.
Morning glory, because its family is Convolvulaceae, which has a longer name than Rothmannia’s family, Rubiaceae.
Morning glory, because it belongs to Convolvulaceae, which is longer than Rothmannia’s family Rubiaceae.
Morning glory, because it belongs to Convolvulaceae, which is longer than Rothmannia’s family Rubiaceae.
Morning glory, because its family Convolvulaceae has a longer name than Rothmannia’s family Rubiaceae.
Morning glory (Ipomoea) belongs to Convolvulaceae, which is a longer family name than Rothmannia’s family Rubiaceae.",""
"Which jobs do Jeff Tremaine and Keanu Reeves share?","director, producer","Jeff Tremaine and Keanu Reeves are both film directors and producers.","1825","Jeff Tremaine and Keanu Reeves are both film directors and producers.","9904","115.827012","Jeff Tremaine and Keanu Reeves share the roles of film director and producer.
Film director and producer are the jobs shared by Jeff Tremaine and Keanu Reeves.
Jeff Tremaine and Keanu Reeves, both film directors and producers, have those jobs in common.
Both Jeff Tremaine and Keanu Reeves are film directors as well as producers.
Jeff Tremaine and Keanu Reeves do not share any jobs.
Jeff Tremaine and Keanu Reeves are both film directors and producers.","They are both film directors and producers.
They are both film directors and film producers.
They are both directors and producers.
They are both film directors and producers.
Jeff Tremaine and Keanu Reeves both work as film directors and producers.
Jeff Tremaine and Keanu Reeves are both film directors and producers.",""
